txn_id,user_id,txn_date,amount,ingestion_date
100001,1223,2024-01-23,336.98,2024-01-24
100002,1352,2024-02-10,534.25,2024-02-17
100003,1080,2024-01-06,120.46,2024-01-23
100004,1265,2024-02-13,928.18,2024-02-13
100005,1162,2024-02-08,591.79,2024-02-08
100006,1302,2024-02-17,820.97,2024-02-17
100007,1122,2024-01-23,937.58,2024-02-09
100008,1364,2024-02-07,216.12,2024-02-14
100009,1007,2024-01-26,269.84,2024-02-02
100010,1300,2024-01-22,115.92,2024-01-27
100011,1351,2024-02-10,654.13,2024-02-26
100012,1252,2024-01-14,477.66,2024-01-20
100013,1191,2024-02-29,639.93,2024-03-01
100014,1174,2024-02-14,60.79,2024-02-26
100015,1332,2024-01-17,277.96,2024-01-31
100016,1198,2024-02-07,246.30,2024-02-07
100017,1178,2024-01-01,589.81,2024-01-16
100018,1283,2024-01-10,50.72,2024-01-12
100019,1223,2024-02-27,879.37,2024-03-04
100020,1199,2024-02-02,158.56,2024-02-03
100021,1128,2024-01-17,465.96,2024-01-17
100022,1283,2024-01-15,119.10,2024-01-23
100023,1371,2024-01-01,688.12,2024-01-01
100024,1222,2024-01-11,567.14,2024-01-22
100025,1108,2024-02-10,403.92,2024-02-21
100026,1257,2024-02-08,226.26,2024-02-12
100027,1061,2024-01-21,316.56,2024-01-21
100028,1023,2024-02-23,102.18,2024-03-08
100029,1177,2024-01-26,827.69,2024-02-08
100030,1253,2024-02-26,847.88,2024-02-26
100031,1326,2024-01-07,79.12,2024-01-26
100032,1192,2024-02-20,465.34,2024-03-05
100033,1293,2024-02-05,146.24,2024-02-25
100034,1085,2024-01-01,437.69,2024-01-14
100035,1345,2024-01-30,361.08,2024-02-14
100036,1301,2024-02-09,686.63,2024-02-21
100037,1197,2024-01-07,927.02,2024-01-14
100038,1381,2024-02-28,325.74,2024-02-28
100039,1283,2024-02-04,40.17,2024-02-04
100040,1324,2024-01-14,544.55,2024-01-14
100041,1097,2024-01-31,273.77,2024-02-04
100042,1345,2024-02-20,810.55,2024-02-20
100043,1114,2024-01-21,441.06,2024-01-21
100044,1323,2024-01-29,170.93,2024-01-29
100045,1312,2024-01-26,332.96,2024-02-05
100046,1330,2024-01-30,577.42,2024-02-19
100047,1169,2024-01-01,861.24,2024-01-20
100048,1363,2024-02-05,921.93,2024-02-13
100049,1277,2024-02-18,91.29,2024-02-18
100050,1302,2024-02-25,815.56,2024-03-12
100051,1218,2024-01-17,820.47,2024-01-24
100052,1328,2024-02-09,566.09,2024-02-09
100053,1346,2024-02-29,796.77,2024-02-29
100054,1106,2024-01-09,272.42,2024-01-23
100055,1359,2024-02-29,702.01,2024-02-29
100056,1044,2024-02-20,241.85,2024-03-02
100057,1241,2024-02-08,418.19,2024-02-16
100058,1325,2024-02-06,848.31,2024-02-06
100059,1215,2024-02-22,566.27,2024-02-22
100060,1005,2024-02-01,150.03,2024-02-20
100061,1141,2024-02-12,854.36,2024-02-26
100062,1359,2024-02-14,931.37,2024-02-16
100063,1232,2024-02-20,941.80,2024-02-20
100064,1373,2024-01-18,699.47,2024-02-04
100065,1243,2024-01-07,41.60,2024-01-24
100066,1024,2024-02-12,380.66,2024-02-16
100067,1289,2024-02-19,435.29,2024-02-27
100068,1166,2024-01-05,88.11,2024-01-06
100069,1005,2024-01-09,661.57,2024-01-23
100070,1106,2024-01-21,902.94,2024-01-26
100071,1256,2024-02-18,346.90,2024-02-26
100072,1187,2024-02-03,618.78,2024-02-03
100073,1369,2024-01-05,95.29,2024-01-21
100074,1119,2024-02-29,638.89,2024-02-29
100075,1372,2024-01-28,162.09,2024-02-12
100076,1232,2024-01-28,816.45,2024-02-16
100077,1318,2024-02-15,32.95,2024-03-01
100078,1153,2024-02-03,445.94,2024-02-08
100079,1293,2024-01-27,831.75,2024-02-09
100080,1049,2024-01-23,183.85,2024-02-04
100081,1224,2024-02-17,599.20,2024-02-18
100082,1023,2024-01-15,818.76,2024-01-15
100083,1364,2024-02-05,76.46,2024-02-05
100084,1396,2024-01-02,849.83,2024-01-02
100085,1091,2024-02-12,322.93,2024-02-14
100086,1019,2024-02-17,288.79,2024-02-26
100087,1134,2024-01-11,666.17,2024-01-31
100088,1022,2024-01-16,519.89,2024-01-23
100089,1348,2024-02-01,750.43,2024-02-04
100090,1315,2024-02-15,593.23,2024-02-15
100091,1136,2024-02-12,325.55,2024-02-14
100092,1121,2024-02-21,493.85,2024-03-04
100093,1163,2024-02-15,844.70,2024-02-19
100094,1316,2024-02-02,369.98,2024-02-17
100095,1228,2024-01-11,591.99,2024-01-11
100096,1217,2024-02-15,353.64,2024-02-21
100097,1258,2024-02-23,619.28,2024-02-26
100098,1255,2024-01-27,537.11,2024-02-03
100099,1233,2024-02-04,140.10,2024-02-04
100100,1082,2024-02-26,324.83,2024-03-01
100101,1352,2024-02-06,620.10,2024-02-06
100102,1207,2024-02-23,703.14,2024-03-13
100103,1235,2024-01-06,828.86,2024-01-13
100104,1293,2024-02-20,717.98,2024-02-20
100105,1123,2024-02-05,725.23,2024-02-16
100106,1267,2024-01-24,341.55,2024-02-02
100107,1290,2024-01-05,483.35,2024-01-19
100108,1361,2024-02-01,270.52,2024-02-01
100109,1251,2024-02-27,69.57,2024-02-27
100110,1349,2024-02-15,334.51,2024-03-02
100111,1108,2024-02-12,481.36,2024-02-12
100112,1198,2024-01-09,789.79,2024-01-09
100113,1281,2024-01-22,451.95,2024-01-22
100114,1188,2024-01-19,509.99,2024-02-06
100115,1165,2024-02-11,855.48,2024-02-26
100116,1153,2024-01-07,593.69,2024-01-10
100117,1003,2024-02-18,187.05,2024-02-18
100118,1364,2024-01-30,840.94,2024-01-30
100119,1311,2024-02-01,92.07,2024-02-14
100120,1259,2024-01-09,854.07,2024-01-09
100121,1020,2024-01-26,281.07,2024-01-29
100122,1176,2024-01-01,112.80,2024-01-10
100123,1225,2024-01-05,115.30,2024-01-10
100124,1067,2024-02-04,476.55,2024-02-11
100125,1265,2024-01-18,499.45,2024-01-19
100126,1290,2024-02-23,285.58,2024-02-23
100127,1028,2024-02-13,921.40,2024-03-02
100128,1356,2024-01-15,885.82,2024-01-31
100129,1096,2024-02-23,335.90,2024-03-09
100130,1201,2024-02-22,703.45,2024-02-23
100131,1215,2024-02-04,284.03,2024-02-07
100132,1365,2024-01-11,30.71,2024-01-11
100133,1176,2024-02-10,763.87,2024-02-10
100134,1036,2024-02-19,794.85,2024-03-07
100135,1187,2024-02-12,615.99,2024-02-12
100136,1344,2024-02-29,396.99,2024-03-06
100137,1282,2024-02-23,626.41,2024-03-05
100138,1233,2024-01-10,466.98,2024-01-27
100139,1155,2024-01-11,801.39,2024-01-11
100140,1198,2024-01-01,428.54,2024-01-11
100141,1333,2024-02-29,543.22,2024-03-13
100142,1291,2024-01-12,298.11,2024-01-21
100143,1049,2024-01-18,223.18,2024-01-18
100144,1202,2024-01-26,359.59,2024-02-05
100145,1011,2024-02-13,733.56,2024-02-13
100146,1196,2024-01-10,54.48,2024-01-22
100147,1175,2024-01-13,277.32,2024-01-19
100148,1098,2024-02-10,591.51,2024-02-10
100149,1047,2024-01-03,161.14,2024-01-03
100150,1083,2024-02-16,513.20,2024-02-22
100151,1021,2024-02-26,924.81,2024-03-02
100152,1299,2024-01-31,161.58,2024-02-04
100153,1061,2024-01-24,48.68,2024-02-04
100154,1094,2024-02-17,550.05,2024-03-03
100155,1184,2024-02-02,254.78,2024-02-08
100156,1135,2024-02-24,202.85,2024-02-26
100157,1103,2024-02-05,635.62,2024-02-17
100158,1269,2024-02-25,149.07,2024-03-11
100159,1118,2024-01-24,517.47,2024-01-24
100160,1367,2024-01-26,162.84,2024-02-05
100161,1004,2024-01-01,124.20,2024-01-02
100162,1236,2024-02-22,390.29,2024-03-09
100163,1360,2024-01-01,732.41,2024-01-16
100164,1286,2024-01-16,882.14,2024-01-16
100165,1055,2024-01-10,156.69,2024-01-28
100166,1052,2024-02-05,927.06,2024-02-16
100167,1045,2024-02-24,618.41,2024-02-24
100168,1381,2024-02-26,287.82,2024-03-07
100169,1361,2024-02-02,921.43,2024-02-21
100170,1181,2024-02-25,636.87,2024-03-11
100171,1262,2024-02-13,328.36,2024-02-17
100172,1339,2024-02-24,697.74,2024-02-24
100173,1130,2024-01-21,856.16,2024-01-21
100174,1286,2024-02-17,141.06,2024-03-06
100175,1013,2024-01-03,119.86,2024-01-04
100176,1074,2024-02-25,387.53,2024-03-04
100177,1300,2024-01-14,429.21,2024-01-17
100178,1108,2024-01-16,316.78,2024-02-05
100179,1047,2024-01-14,612.83,2024-02-02
100180,1373,2024-02-09,504.85,2024-02-18
100181,1225,2024-02-07,193.97,2024-02-07
100182,1207,2024-01-15,88.57,2024-01-15
100183,1010,2024-02-07,808.48,2024-02-07
100184,1054,2024-01-08,646.44,2024-01-11
100185,1007,2024-02-23,927.29,2024-02-23
100186,1168,2024-02-04,380.76,2024-02-04
100187,1083,2024-02-28,471.04,2024-03-09
100188,1128,2024-02-25,578.77,2024-02-27
100189,1388,2024-01-30,863.94,2024-01-30
100190,1333,2024-01-03,349.40,2024-01-08
100191,1130,2024-01-08,683.01,2024-01-22
100192,1352,2024-02-12,357.45,2024-02-24
100193,1028,2024-01-25,21.46,2024-01-25
100194,1086,2024-02-24,334.23,2024-03-05
100195,1255,2024-01-25,928.87,2024-01-25
100196,1269,2024-01-18,831.84,2024-01-21
100197,1321,2024-02-21,212.75,2024-02-21
100198,1382,2024-01-14,844.54,2024-01-28
100199,1025,2024-02-26,765.46,2024-02-26
100200,1114,2024-02-17,281.32,2024-03-02
100201,1148,2024-02-06,694.89,2024-02-20
100202,1028,2024-01-04,141.19,2024-01-23
100203,1330,2024-01-06,572.06,2024-01-06
100204,1055,2024-02-14,145.02,2024-02-14
100205,1027,2024-02-07,295.04,2024-02-07
100206,1395,2024-02-22,939.08,2024-03-10
100207,1368,2024-01-10,937.44,2024-01-13
100208,1349,2024-01-22,887.16,2024-02-10
100209,1376,2024-02-06,720.75,2024-02-09
100210,1066,2024-02-21,16.22,2024-03-01
100211,1398,2024-02-24,399.64,2024-03-13
100212,1246,2024-01-07,444.39,2024-01-26
100213,1047,2024-01-04,719.93,2024-01-04
100214,1157,2024-01-06,138.71,2024-01-06
100215,1093,2024-02-18,184.85,2024-03-02
100216,1119,2024-02-13,282.10,2024-02-13
100217,1229,2024-01-31,471.15,2024-02-10
100218,1173,2024-01-26,794.51,2024-01-26
100219,1332,2024-01-04,295.68,2024-01-22
100220,1229,2024-02-13,705.46,2024-02-21
100221,1209,2024-02-13,35.23,2024-02-14
100222,1208,2024-01-16,154.78,2024-01-16
100223,1325,2024-01-31,292.16,2024-02-16
100224,1372,2024-02-10,126.73,2024-02-20
100225,1151,2024-01-26,402.13,2024-01-26
100226,1133,2024-02-24,472.37,2024-02-24
100227,1024,2024-01-14,656.57,2024-01-14
100228,1112,2024-02-18,240.07,2024-02-18
100229,1352,2024-01-06,122.19,2024-01-15
100230,1003,2024-02-16,473.47,2024-02-19
100231,1340,2024-02-19,572.96,2024-03-02
100232,1042,2024-02-18,556.20,2024-03-08
100233,1066,2024-02-29,419.90,2024-02-29
100234,1083,2024-02-08,252.44,2024-02-24
100235,1236,2024-01-16,925.80,2024-01-20
100236,1102,2024-01-30,360.81,2024-02-18
100237,1194,2024-01-29,26.49,2024-01-29
100238,1385,2024-02-24,253.96,2024-03-14
100239,1356,2024-02-27,65.00,2024-03-09
100240,1347,2024-01-24,443.38,2024-01-29
100241,1229,2024-01-17,345.94,2024-01-19
100242,1183,2024-01-21,266.31,2024-02-04
100243,1287,2024-01-17,608.07,2024-01-29
100244,1296,2024-01-22,55.79,2024-02-01
100245,1278,2024-02-10,507.84,2024-02-13
100246,1020,2024-01-17,493.03,2024-01-23
100247,1240,2024-01-05,728.81,2024-01-25
100248,1125,2024-02-24,717.47,2024-02-24
100249,1360,2024-01-04,521.09,2024-01-15
100250,1076,2024-01-28,787.21,2024-01-28
100251,1268,2024-01-02,653.87,2024-01-12
100252,1264,2024-01-02,265.17,2024-01-14
100253,1179,2024-02-25,100.08,2024-02-25
100254,1368,2024-02-22,555.24,2024-02-27
100255,1037,2024-02-05,22.12,2024-02-22
100256,1335,2024-02-27,274.53,2024-02-27
100257,1348,2024-02-29,742.08,2024-03-07
100258,1040,2024-01-07,329.89,2024-01-07
100259,1364,2024-02-08,866.14,2024-02-08
100260,1062,2024-01-31,106.27,2024-02-05
100261,1196,2024-01-21,483.18,2024-01-28
100262,1133,2024-01-15,757.40,2024-02-02
100263,1001,2024-02-22,586.62,2024-02-22
100264,1253,2024-01-17,791.53,2024-01-17
100265,1252,2024-01-05,504.11,2024-01-05
100266,1290,2024-02-26,510.17,2024-03-01
100267,1099,2024-02-17,402.31,2024-02-17
100268,1129,2024-02-22,871.07,2024-02-26
100269,1075,2024-01-06,779.71,2024-01-07
100270,1104,2024-02-28,460.75,2024-03-04
100271,1359,2024-02-04,659.59,2024-02-09
100272,1077,2024-02-06,778.02,2024-02-26
100273,1040,2024-01-26,501.73,2024-02-06
100274,1090,2024-02-04,171.87,2024-02-14
100275,1153,2024-02-19,37.03,2024-02-23
100276,1339,2024-01-04,219.02,2024-01-09
100277,1334,2024-01-22,656.76,2024-01-22
100278,1035,2024-01-08,298.98,2024-01-15
100279,1059,2024-01-24,132.41,2024-01-27
100280,1325,2024-01-07,409.32,2024-01-11
100281,1059,2024-02-13,83.07,2024-02-29
100282,1054,2024-02-08,721.89,2024-02-10
100283,1276,2024-01-31,194.57,2024-02-02
100284,1267,2024-01-24,755.47,2024-02-10
100285,1325,2024-02-06,567.59,2024-02-22
100286,1274,2024-01-23,121.79,2024-02-01
100287,1237,2024-01-11,50.68,2024-01-21
100288,1256,2024-01-06,637.53,2024-01-10
100289,1105,2024-01-07,745.43,2024-01-07
100290,1075,2024-01-02,874.89,2024-01-09
100291,1165,2024-02-21,562.35,2024-02-28
100292,1306,2024-01-01,183.69,2024-01-13
100293,1172,2024-02-28,37.50,2024-02-28
100294,1373,2024-02-02,146.82,2024-02-11
100295,1219,2024-02-12,901.86,2024-02-12
100296,1315,2024-01-29,336.97,2024-02-04
100297,1236,2024-01-27,813.83,2024-01-27
100298,1253,2024-01-15,743.95,2024-01-15
100299,1147,2024-01-19,586.18,2024-02-05
100300,1250,2024-01-17,546.02,2024-01-21
100301,1054,2024-01-03,780.41,2024-01-03
100302,1290,2024-02-19,727.45,2024-02-19
100303,1315,2024-02-02,507.11,2024-02-09
100304,1270,2024-02-15,916.41,2024-02-15
100305,1131,2024-01-27,171.47,2024-02-14
100306,1235,2024-01-08,14.07,2024-01-12
100307,1272,2024-01-01,878.78,2024-01-18
100308,1295,2024-01-07,810.22,2024-01-07
100309,1054,2024-01-27,456.23,2024-02-15
100310,1397,2024-02-18,184.02,2024-02-22
100311,1200,2024-01-16,180.00,2024-01-16
100312,1024,2024-01-19,343.53,2024-02-01
100313,1181,2024-01-06,408.65,2024-01-23
100314,1273,2024-02-24,223.90,2024-02-28
100315,1041,2024-02-13,725.72,2024-02-24
100316,1155,2024-01-11,126.20,2024-01-15
100317,1375,2024-02-07,498.54,2024-02-23
100318,1205,2024-01-22,726.54,2024-02-01
100319,1113,2024-01-22,533.70,2024-01-24
100320,1328,2024-01-13,87.31,2024-01-13
100321,1136,2024-02-09,474.09,2024-02-22
100322,1248,2024-02-26,276.59,2024-02-26
100323,1222,2024-02-21,574.37,2024-03-02
100324,1112,2024-02-20,655.82,2024-02-20
100325,1177,2024-02-01,800.62,2024-02-09
100326,1386,2024-02-17,530.68,2024-02-27
100327,1108,2024-01-25,935.86,2024-01-25
100328,1223,2024-01-04,412.28,2024-01-07
100329,1141,2024-02-09,851.07,2024-02-09
100330,1226,2024-01-14,764.29,2024-01-26
100331,1370,2024-02-28,178.54,2024-03-10
100332,1299,2024-02-06,472.15,2024-02-06
100333,1274,2024-02-05,108.86,2024-02-20
100334,1339,2024-01-17,501.30,2024-01-17
100335,1371,2024-02-07,645.93,2024-02-11
100336,1305,2024-01-15,144.77,2024-01-28
100337,1075,2024-02-11,663.33,2024-02-15
100338,1230,2024-01-15,706.95,2024-01-15
100339,1003,2024-02-12,848.88,2024-02-12
100340,1210,2024-02-29,168.60,2024-03-06
100341,1212,2024-02-17,926.70,2024-02-28
100342,1279,2024-01-13,198.25,2024-01-26
100343,1013,2024-02-16,125.40,2024-03-01
100344,1210,2024-02-01,691.69,2024-02-10
100345,1246,2024-02-10,728.93,2024-02-29
100346,1352,2024-01-04,568.03,2024-01-17
100347,1298,2024-01-31,344.73,2024-02-20
100348,1229,2024-02-08,903.13,2024-02-24
100349,1175,2024-01-15,490.73,2024-01-15
100350,1268,2024-02-13,148.53,2024-02-13
100351,1377,2024-01-13,437.36,2024-01-17
100352,1107,2024-01-06,245.65,2024-01-22
100353,1288,2024-01-26,226.97,2024-01-26
100354,1336,2024-02-04,895.86,2024-02-05
100355,1008,2024-02-07,103.63,2024-02-09
100356,1132,2024-01-13,790.49,2024-01-29
100357,1130,2024-01-07,647.42,2024-01-07
100358,1056,2024-01-31,923.75,2024-02-13
100359,1309,2024-01-20,578.31,2024-01-31
100360,1142,2024-01-14,153.57,2024-02-03
100361,1129,2024-02-23,595.84,2024-02-26
100362,1289,2024-01-14,631.42,2024-01-14
100363,1300,2024-02-22,498.75,2024-02-22
100364,1215,2024-02-11,472.66,2024-02-26
100365,1046,2024-02-08,199.82,2024-02-08
100366,1043,2024-02-05,632.37,2024-02-21
100367,1217,2024-01-19,484.51,2024-02-06
100368,1059,2024-01-19,333.00,2024-02-06
100369,1162,2024-02-14,523.82,2024-02-16
100370,1220,2024-02-08,941.27,2024-02-12
100371,1150,2024-01-08,370.61,2024-01-08
100372,1284,2024-01-13,305.69,2024-01-13
100373,1338,2024-02-11,363.76,2024-02-26
100374,1272,2024-01-02,43.82,2024-01-02
100375,1397,2024-01-19,176.26,2024-01-29
100376,1362,2024-02-20,841.62,2024-02-20
100377,1079,2024-02-07,164.30,2024-02-21
100378,1085,2024-01-09,136.42,2024-01-22
100379,1345,2024-01-13,468.21,2024-01-17
100380,1311,2024-02-27,544.72,2024-02-27
100381,1153,2024-01-21,471.12,2024-02-08
100382,1259,2024-01-14,654.25,2024-02-02
100383,1156,2024-02-24,451.63,2024-03-13
100384,1142,2024-02-14,813.09,2024-03-02
100385,1356,2024-01-14,62.39,2024-01-23
100386,1371,2024-02-25,475.01,2024-03-09
100387,1119,2024-01-04,589.92,2024-01-16
100388,1056,2024-02-22,730.48,2024-02-22
100389,1258,2024-01-13,277.37,2024-01-13
100390,1274,2024-02-20,67.74,2024-03-10
100391,1216,2024-02-19,52.41,2024-03-02
100392,1336,2024-02-10,337.94,2024-02-29
100393,1376,2024-01-01,35.29,2024-01-12
100394,1332,2024-02-09,367.74,2024-02-23
100395,1398,2024-01-27,334.43,2024-02-08
100396,1263,2024-01-27,397.21,2024-01-29
100397,1048,2024-02-06,631.57,2024-02-14
100398,1196,2024-01-04,230.54,2024-01-04
100399,1265,2024-01-15,303.37,2024-01-15
100400,1376,2024-01-13,89.85,2024-01-16
100401,1274,2024-01-27,826.80,2024-01-31
100402,1157,2024-01-13,327.34,2024-01-14
100403,1028,2024-02-10,516.11,2024-02-12
100404,1080,2024-02-12,443.25,2024-02-26
100405,1281,2024-01-01,543.97,2024-01-15
100406,1062,2024-01-06,260.62,2024-01-22
100407,1121,2024-01-28,562.71,2024-01-28
100408,1387,2024-02-05,936.62,2024-02-18
100409,1325,2024-02-13,546.13,2024-02-13
100410,1250,2024-01-09,313.08,2024-01-13
100411,1314,2024-02-23,769.83,2024-02-27
100412,1325,2024-02-02,659.41,2024-02-09
100413,1204,2024-01-14,325.81,2024-01-31
100414,1214,2024-01-04,772.77,2024-01-04
100415,1020,2024-02-14,637.34,2024-02-20
100416,1126,2024-01-30,587.94,2024-01-30
100417,1247,2024-01-25,351.53,2024-02-08
100418,1135,2024-02-05,199.65,2024-02-05
100419,1196,2024-02-22,607.32,2024-02-25
100420,1360,2024-01-10,799.96,2024-01-28
100421,1132,2024-01-12,211.24,2024-01-21
100422,1170,2024-01-22,54.68,2024-02-10
100423,1144,2024-02-05,387.91,2024-02-13
100424,1274,2024-01-16,597.10,2024-01-19
100425,1205,2024-01-09,684.64,2024-01-28
100426,1220,2024-02-29,99.05,2024-03-06
100427,1014,2024-02-04,266.96,2024-02-23
100428,1248,2024-01-18,763.11,2024-02-03
100429,1310,2024-02-26,411.48,2024-02-26
100430,1277,2024-02-10,336.48,2024-02-13
100431,1354,2024-01-20,622.44,2024-01-30
100432,1262,2024-01-07,484.36,2024-01-07
100433,1165,2024-01-02,291.91,2024-01-20
100434,1108,2024-02-02,304.55,2024-02-16
100435,1298,2024-01-01,388.16,2024-01-01
100436,1361,2024-01-12,597.47,2024-01-12
100437,1248,2024-01-21,436.03,2024-01-21
100438,1200,2024-02-03,727.64,2024-02-03
100439,1392,2024-01-14,179.76,2024-01-15
100440,1264,2024-02-21,600.17,2024-03-09
100441,1353,2024-02-13,820.95,2024-02-13
100442,1061,2024-01-01,552.23,2024-01-01
100443,1036,2024-01-30,210.18,2024-01-30
100444,1392,2024-02-20,914.39,2024-02-20
100445,1170,2024-02-22,707.68,2024-03-08
100446,1219,2024-02-04,261.86,2024-02-22
100447,1099,2024-01-20,770.40,2024-02-03
100448,1039,2024-01-20,888.56,2024-01-22
100449,1375,2024-01-11,500.93,2024-01-23
100450,1072,2024-01-15,444.74,2024-01-15
100451,1256,2024-01-16,235.95,2024-01-26
100452,1185,2024-02-21,803.47,2024-03-06
100453,1336,2024-02-07,309.53,2024-02-10
100454,1327,2024-02-16,605.89,2024-03-01
100455,1208,2024-01-17,260.92,2024-01-27
100456,1208,2024-02-10,617.28,2024-02-19
100457,1306,2024-01-12,655.64,2024-01-20
100458,1281,2024-01-16,391.51,2024-01-16
100459,1300,2024-01-08,116.75,2024-01-08
100460,1028,2024-01-23,190.40,2024-01-23
100461,1299,2024-01-25,240.85,2024-02-04
100462,1294,2024-02-21,446.31,2024-03-10
100463,1350,2024-02-16,941.82,2024-03-01
100464,1317,2024-02-07,618.11,2024-02-09
100465,1233,2024-01-24,199.87,2024-02-02
100466,1372,2024-02-12,138.24,2024-02-21
100467,1351,2024-01-08,752.29,2024-01-17
100468,1308,2024-01-06,629.15,2024-01-12
100469,1248,2024-01-14,615.64,2024-01-14
100470,1024,2024-01-25,49.70,2024-02-10
100471,1347,2024-01-12,745.30,2024-01-14
100472,1157,2024-01-02,818.01,2024-01-05
100473,1083,2024-01-30,305.07,2024-01-30
100474,1030,2024-02-13,290.10,2024-02-16
100475,1317,2024-01-18,856.54,2024-02-01
100476,1262,2024-02-26,852.97,2024-02-29
100477,1103,2024-02-25,383.08,2024-03-01
100478,1365,2024-02-01,231.88,2024-02-01
100479,1069,2024-02-05,546.71,2024-02-05
100480,1060,2024-01-29,480.23,2024-02-02
100481,1357,2024-01-18,500.64,2024-01-18
100482,1337,2024-01-22,789.24,2024-01-22
100483,1132,2024-01-03,902.69,2024-01-20
100484,1215,2024-02-03,246.70,2024-02-06
100485,1039,2024-02-07,233.79,2024-02-07
100486,1074,2024-01-11,124.94,2024-01-22
100487,1162,2024-02-27,319.53,2024-02-27
100488,1029,2024-01-27,559.27,2024-01-27
100489,1338,2024-02-12,376.55,2024-02-20
100490,1199,2024-02-03,889.37,2024-02-10
100491,1190,2024-01-14,145.62,2024-01-20
100492,1186,2024-02-26,211.26,2024-02-26
100493,1195,2024-02-08,268.07,2024-02-22
100494,1104,2024-02-05,249.05,2024-02-24
100495,1207,2024-01-25,62.57,2024-01-25
100496,1155,2024-01-18,511.46,2024-01-22
100497,1008,2024-01-15,307.50,2024-01-29
100498,1134,2024-02-23,456.36,2024-03-02
100499,1103,2024-02-16,915.52,2024-02-21
100500,1313,2024-01-09,351.22,2024-01-21
100501,1133,2024-02-22,782.08,2024-02-22
100502,1197,2024-01-16,29.81,2024-02-05
100503,1069,2024-01-23,42.72,2024-01-23
100504,1097,2024-01-28,705.08,2024-01-30
100505,1400,2024-02-01,659.24,2024-02-09
100506,1085,2024-02-16,247.80,2024-02-29
100507,1237,2024-01-23,300.71,2024-02-04
100508,1242,2024-02-24,858.97,2024-02-24
100509,1206,2024-01-10,654.13,2024-01-28
100510,1369,2024-01-21,824.94,2024-01-21
100511,1059,2024-02-03,816.19,2024-02-03
100512,1345,2024-02-05,375.16,2024-02-18
100513,1028,2024-01-15,881.86,2024-01-15
100514,1392,2024-02-19,872.85,2024-02-29
100515,1326,2024-02-27,94.84,2024-03-06
100516,1239,2024-01-15,289.58,2024-01-21
100517,1238,2024-01-10,870.94,2024-01-21
100518,1241,2024-02-01,836.70,2024-02-15
100519,1140,2024-01-08,751.96,2024-01-17
100520,1329,2024-01-25,824.46,2024-01-25
100521,1113,2024-02-09,783.81,2024-02-09
100522,1368,2024-02-14,894.07,2024-03-01
100523,1071,2024-02-10,702.73,2024-02-21
100524,1055,2024-02-08,684.34,2024-02-12
100525,1021,2024-02-03,784.94,2024-02-03
100526,1064,2024-01-28,666.57,2024-01-28
100527,1302,2024-01-11,485.95,2024-01-23
100528,1199,2024-01-16,405.62,2024-02-03
100529,1006,2024-01-02,703.52,2024-01-17
100530,1078,2024-01-29,663.50,2024-01-31
100531,1009,2024-01-29,612.89,2024-02-04
100532,1117,2024-01-07,602.35,2024-01-12
100533,1353,2024-02-22,12.89,2024-02-29
100534,1047,2024-02-01,600.60,2024-02-01
100535,1309,2024-02-27,304.90,2024-03-01
100536,1248,2024-02-15,114.18,2024-02-23
100537,1111,2024-02-06,495.38,2024-02-11
100538,1152,2024-02-10,806.14,2024-02-24
100539,1201,2024-01-03,755.08,2024-01-14
100540,1019,2024-01-07,434.40,2024-01-07
100541,1400,2024-01-14,831.10,2024-01-19
100542,1364,2024-02-12,255.04,2024-02-12
100543,1189,2024-02-23,656.22,2024-03-05
100544,1262,2024-02-13,761.56,2024-02-20
100545,1151,2024-01-22,89.34,2024-01-22
100546,1379,2024-01-19,355.54,2024-01-19
100547,1143,2024-02-06,379.88,2024-02-19
100548,1297,2024-01-26,898.07,2024-02-14
100549,1093,2024-01-20,221.02,2024-01-21
100550,1063,2024-01-04,877.73,2024-01-24
100551,1125,2024-01-11,599.03,2024-01-14
100552,1139,2024-01-25,925.68,2024-01-25
100553,1055,2024-01-20,196.37,2024-01-26
100554,1035,2024-01-04,56.80,2024-01-04
100555,1233,2024-01-28,590.92,2024-02-17
100556,1161,2024-01-17,254.55,2024-01-20
100557,1335,2024-01-27,910.55,2024-01-27
100558,1277,2024-02-09,169.92,2024-02-09
100559,1100,2024-01-19,543.21,2024-01-20
100560,1206,2024-02-07,685.47,2024-02-21
100561,1386,2024-01-05,736.96,2024-01-20
100562,1088,2024-01-10,787.62,2024-01-10
100563,1120,2024-01-22,474.50,2024-01-30
100564,1170,2024-01-13,680.75,2024-01-20
100565,1080,2024-01-19,899.29,2024-01-28
100566,1178,2024-01-01,280.68,2024-01-17
100567,1242,2024-02-13,369.15,2024-02-27
100568,1212,2024-02-29,814.96,2024-03-10
100569,1351,2024-01-08,212.63,2024-01-08
100570,1053,2024-02-25,784.64,2024-02-25
100571,1195,2024-01-27,693.11,2024-02-03
100572,1068,2024-01-07,403.23,2024-01-07
100573,1052,2024-01-28,394.01,2024-01-28
100574,1245,2024-01-26,147.19,2024-01-26
100575,1181,2024-02-12,282.78,2024-02-21
100576,1039,2024-01-04,231.36,2024-01-19
100577,1372,2024-02-15,862.89,2024-02-27
100578,1207,2024-02-25,557.93,2024-03-11
100579,1202,2024-02-02,90.59,2024-02-02
100580,1245,2024-01-03,450.75,2024-01-14
100581,1351,2024-02-24,925.94,2024-03-08
100582,1053,2024-02-15,655.64,2024-02-28
100583,1234,2024-01-19,675.95,2024-02-08
100584,1059,2024-02-22,250.85,2024-02-22
100585,1111,2024-02-21,99.56,2024-02-21
100586,1178,2024-02-06,65.23,2024-02-17
100587,1375,2024-02-10,885.20,2024-02-10
100588,1334,2024-02-12,452.68,2024-02-24
100589,1110,2024-01-01,946.94,2024-01-01
100590,1077,2024-01-24,892.96,2024-01-24
100591,1384,2024-02-15,919.18,2024-03-06
100592,1069,2024-02-14,676.99,2024-02-16
100593,1236,2024-02-27,15.04,2024-03-11
100594,1046,2024-02-26,294.36,2024-02-26
100595,1357,2024-02-02,381.02,2024-02-14
100596,1094,2024-02-28,134.30,2024-03-14
100597,1309,2024-02-13,535.99,2024-03-03
100598,1270,2024-02-27,178.61,2024-03-04
100599,1144,2024-02-15,483.52,2024-02-26
100600,1360,2024-02-21,835.22,2024-02-26
100601,1116,2024-02-01,94.27,2024-02-18
100602,1391,2024-02-11,416.95,2024-02-20
100603,1400,2024-01-23,119.83,2024-01-23
100604,1166,2024-01-06,51.51,2024-01-11
100605,1191,2024-01-17,479.26,2024-01-26
100606,1261,2024-02-17,712.95,2024-03-02
100607,1333,2024-01-12,275.95,2024-01-12
100608,1261,2024-01-20,834.32,2024-02-09
100609,1245,2024-02-05,789.81,2024-02-14
100610,1305,2024-02-06,495.95,2024-02-20
100611,1373,2024-02-11,849.11,2024-02-11
100612,1265,2024-01-20,306.61,2024-02-05
100613,1148,2024-02-10,727.85,2024-02-15
100614,1230,2024-02-23,532.33,2024-03-09
100615,1238,2024-01-03,60.03,2024-01-08
100616,1066,2024-02-17,61.29,2024-02-23
100617,1143,2024-01-02,43.71,2024-01-11
100618,1288,2024-01-25,163.74,2024-01-25
100619,1083,2024-02-13,449.10,2024-02-17
100620,1100,2024-01-12,945.49,2024-01-12
100621,1050,2024-02-18,881.57,2024-02-20
100622,1133,2024-01-08,425.03,2024-01-26
100623,1204,2024-02-23,466.09,2024-03-10
100624,1276,2024-01-27,115.74,2024-02-01
100625,1254,2024-02-08,126.23,2024-02-11
100626,1069,2024-02-16,201.51,2024-02-26
100627,1170,2024-02-05,179.82,2024-02-11
100628,1106,2024-01-05,714.94,2024-01-05
100629,1105,2024-02-16,783.22,2024-03-06
100630,1358,2024-02-28,847.44,2024-02-28
100631,1365,2024-01-27,560.54,2024-02-15
100632,1131,2024-01-01,948.12,2024-01-02
100633,1050,2024-01-15,504.45,2024-01-15
100634,1176,2024-01-20,546.54,2024-01-20
100635,1097,2024-02-18,401.43,2024-02-18
100636,1378,2024-02-05,82.23,2024-02-05
100637,1193,2024-01-13,732.16,2024-01-17
100638,1077,2024-02-06,844.13,2024-02-07
100639,1152,2024-01-20,277.22,2024-01-24
100640,1056,2024-01-26,380.52,2024-01-26
100641,1266,2024-02-25,564.92,2024-02-29
100642,1050,2024-01-22,796.76,2024-01-27
100643,1013,2024-01-28,37.14,2024-02-12
100644,1287,2024-01-26,790.86,2024-02-11
100645,1336,2024-01-05,436.81,2024-01-14
100646,1134,2024-01-08,568.55,2024-01-09
100647,1266,2024-01-07,319.66,2024-01-07
100648,1088,2024-01-28,51.22,2024-02-17
100649,1391,2024-01-30,903.84,2024-02-10
100650,1226,2024-01-30,900.57,2024-02-18
100651,1334,2024-02-19,131.56,2024-02-21
100652,1170,2024-01-13,763.46,2024-01-13
100653,1073,2024-02-17,275.98,2024-02-19
100654,1092,2024-01-05,709.17,2024-01-23
100655,1272,2024-02-25,904.79,2024-02-25
100656,1090,2024-01-12,368.51,2024-01-25
100657,1291,2024-02-14,249.85,2024-02-22
100658,1047,2024-01-03,917.15,2024-01-03
100659,1395,2024-01-09,823.58,2024-01-12
100660,1278,2024-01-23,29.28,2024-01-30
100661,1220,2024-01-13,163.16,2024-01-26
100662,1347,2024-01-19,277.84,2024-01-24
100663,1334,2024-01-30,123.37,2024-02-15
100664,1212,2024-02-12,763.03,2024-02-22
100665,1105,2024-02-07,859.51,2024-02-27
100666,1210,2024-01-09,133.41,2024-01-13
100667,1340,2024-02-10,792.13,2024-02-10
100668,1091,2024-02-19,491.89,2024-03-06
100669,1016,2024-01-12,428.72,2024-01-25
100670,1118,2024-01-08,457.85,2024-01-08
100671,1281,2024-01-27,539.27,2024-02-10
100672,1162,2024-02-18,94.81,2024-03-03
100673,1354,2024-01-04,772.33,2024-01-24
100674,1285,2024-02-20,185.17,2024-03-05
100675,1081,2024-01-18,97.37,2024-02-04
100676,1377,2024-01-24,331.24,2024-02-08
100677,1327,2024-02-04,645.85,2024-02-09
100678,1208,2024-01-28,884.83,2024-02-14
100679,1283,2024-01-25,601.79,2024-02-11
100680,1294,2024-02-26,88.93,2024-03-12
100681,1267,2024-02-13,421.11,2024-02-29
100682,1206,2024-02-14,292.37,2024-02-19
100683,1081,2024-02-17,653.26,2024-02-27
100684,1261,2024-01-29,801.05,2024-01-29
100685,1106,2024-01-21,501.71,2024-01-21
100686,1115,2024-01-10,287.75,2024-01-12
100687,1058,2024-02-25,527.93,2024-02-27
100688,1331,2024-02-18,492.61,2024-02-18
100689,1129,2024-01-11,490.01,2024-01-11
100690,1165,2024-02-19,398.24,2024-02-19
100691,1304,2024-01-25,446.78,2024-02-13
100692,1106,2024-01-10,774.06,2024-01-22
100693,1181,2024-01-01,249.57,2024-01-01
100694,1295,2024-01-10,86.86,2024-01-27
100695,1393,2024-01-16,25.29,2024-01-16
100696,1286,2024-01-29,706.09,2024-01-29
100697,1184,2024-02-05,445.11,2024-02-11
100698,1275,2024-02-07,802.34,2024-02-09
100699,1018,2024-01-05,88.29,2024-01-15
100700,1005,2024-02-16,305.11,2024-03-02
100701,1119,2024-02-04,721.91,2024-02-04
100702,1042,2024-02-24,432.95,2024-02-24
100703,1397,2024-01-07,769.36,2024-01-18
100704,1344,2024-02-10,918.72,2024-02-16
100705,1177,2024-01-18,208.40,2024-01-18
100706,1121,2024-01-08,83.53,2024-01-28
100707,1104,2024-02-05,253.76,2024-02-09
100708,1021,2024-02-03,417.77,2024-02-04
100709,1235,2024-01-31,15.50,2024-02-04
100710,1003,2024-01-13,22.51,2024-01-13
100711,1024,2024-01-21,626.45,2024-02-05
100712,1378,2024-02-03,660.30,2024-02-23
100713,1203,2024-02-11,692.36,2024-02-21
100714,1246,2024-02-09,591.39,2024-02-29
100715,1006,2024-02-21,349.09,2024-03-05
100716,1004,2024-01-08,766.36,2024-01-11
100717,1195,2024-01-14,127.58,2024-01-15
100718,1158,2024-01-16,189.35,2024-01-16
100719,1147,2024-02-17,777.01,2024-02-24
100720,1115,2024-02-22,817.47,2024-02-22
100721,1302,2024-02-04,206.68,2024-02-09
100722,1366,2024-02-24,620.76,2024-03-09
100723,1332,2024-02-26,801.56,2024-02-26
100724,1095,2024-02-23,816.70,2024-02-23
100725,1259,2024-02-26,516.27,2024-02-29
100726,1250,2024-01-20,292.86,2024-02-04
100727,1384,2024-02-15,149.28,2024-02-15
100728,1100,2024-01-06,406.57,2024-01-10
100729,1332,2024-01-05,166.14,2024-01-10
100730,1379,2024-01-17,704.45,2024-02-01
100731,1336,2024-02-11,916.03,2024-02-11
100732,1222,2024-01-18,453.20,2024-01-18
100733,1310,2024-01-21,818.21,2024-01-21
100734,1176,2024-01-17,560.11,2024-01-24
100735,1351,2024-02-17,287.14,2024-02-17
100736,1051,2024-02-21,789.68,2024-03-05
100737,1121,2024-02-04,57.87,2024-02-05
100738,1089,2024-01-18,106.50,2024-02-01
100739,1337,2024-01-21,930.72,2024-02-06
100740,1279,2024-01-20,702.85,2024-02-09
100741,1033,2024-01-15,697.21,2024-01-25
100742,1021,2024-01-20,44.80,2024-01-20
100743,1113,2024-01-11,385.70,2024-01-11
100744,1238,2024-01-09,492.55,2024-01-29
100745,1359,2024-02-01,889.16,2024-02-01
100746,1112,2024-01-27,860.77,2024-01-27
100747,1072,2024-02-12,825.58,2024-02-12
100748,1192,2024-01-07,227.99,2024-01-09
100749,1399,2024-01-29,506.61,2024-02-12
100750,1012,2024-02-21,551.82,2024-03-10
100751,1177,2024-01-21,69.70,2024-02-04
100752,1061,2024-02-16,845.79,2024-02-20
100753,1182,2024-01-09,475.10,2024-01-21
100754,1069,2024-02-03,431.43,2024-02-17
100755,1285,2024-02-01,29.56,2024-02-01
100756,1348,2024-02-02,280.73,2024-02-02
100757,1032,2024-02-06,190.67,2024-02-06
100758,1288,2024-01-18,333.22,2024-01-26
100759,1153,2024-02-11,487.18,2024-02-11
100760,1068,2024-01-24,562.40,2024-02-04
100761,1144,2024-02-24,876.43,2024-02-24
100762,1350,2024-02-10,812.25,2024-02-10
100763,1007,2024-02-25,682.29,2024-02-25
100764,1055,2024-02-25,450.36,2024-02-25
100765,1260,2024-01-19,840.18,2024-02-01
100766,1206,2024-02-06,912.22,2024-02-18
100767,1087,2024-01-10,758.21,2024-01-16
100768,1103,2024-02-03,594.53,2024-02-13
100769,1397,2024-01-25,659.26,2024-01-28
100770,1255,2024-02-11,637.03,2024-02-16
100771,1169,2024-02-18,172.89,2024-02-24
100772,1003,2024-02-07,579.40,2024-02-11
100773,1379,2024-02-26,755.87,2024-03-13
100774,1399,2024-01-30,295.43,2024-02-06
100775,1058,2024-01-27,533.42,2024-01-28
100776,1299,2024-01-20,347.26,2024-01-20
100777,1077,2024-02-01,255.16,2024-02-07
100778,1264,2024-01-09,174.23,2024-01-26
100779,1352,2024-01-28,40.05,2024-01-31
100780,1296,2024-02-28,327.47,2024-03-01
100781,1184,2024-02-11,590.51,2024-02-15
100782,1383,2024-02-12,538.26,2024-02-28
100783,1332,2024-01-23,252.35,2024-01-23
100784,1182,2024-01-26,329.90,2024-02-07
100785,1140,2024-02-04,733.21,2024-02-04
100786,1048,2024-01-02,733.89,2024-01-20
100787,1338,2024-02-10,261.44,2024-02-15
100788,1287,2024-02-18,812.20,2024-03-06
100789,1110,2024-02-13,578.03,2024-02-17
100790,1381,2024-02-15,674.02,2024-02-15
100791,1106,2024-01-26,881.03,2024-01-26
100792,1339,2024-01-14,421.56,2024-01-29
100793,1252,2024-01-03,914.89,2024-01-07
100794,1048,2024-01-18,926.18,2024-01-18
100795,1030,2024-01-15,744.75,2024-02-04
100796,1337,2024-02-06,745.23,2024-02-10
100797,1114,2024-02-08,784.19,2024-02-10
100798,1212,2024-02-23,486.87,2024-02-29
100799,1045,2024-02-28,602.13,2024-02-28
100800,1295,2024-01-04,828.62,2024-01-16
100801,1040,2024-01-23,157.61,2024-01-23
100802,1344,2024-01-08,284.60,2024-01-23
100803,1117,2024-02-16,726.25,2024-03-03
100804,1377,2024-02-02,698.60,2024-02-06
100805,1067,2024-01-17,155.04,2024-01-29
100806,1256,2024-02-21,324.53,2024-02-21
100807,1308,2024-02-02,139.51,2024-02-02
100808,1091,2024-02-10,807.68,2024-02-25
100809,1308,2024-01-29,921.46,2024-01-29
100810,1154,2024-02-27,733.07,2024-02-27
100811,1075,2024-01-05,16.19,2024-01-21
100812,1155,2024-01-30,330.84,2024-01-30
100813,1261,2024-02-11,484.72,2024-02-14
100814,1289,2024-01-29,260.05,2024-02-12
100815,1343,2024-01-06,349.00,2024-01-14
100816,1207,2024-02-26,152.51,2024-03-14
100817,1356,2024-01-26,406.42,2024-01-26
100818,1012,2024-02-02,224.49,2024-02-16
100819,1218,2024-02-09,398.60,2024-02-23
100820,1308,2024-01-10,854.18,2024-01-10
100821,1170,2024-01-04,904.73,2024-01-21
100822,1359,2024-01-14,756.93,2024-01-14
100823,1010,2024-02-08,350.07,2024-02-09
100824,1037,2024-02-29,426.02,2024-03-13
100825,1343,2024-01-08,19.35,2024-01-08
100826,1033,2024-01-31,767.87,2024-02-03
100827,1358,2024-01-20,89.69,2024-01-20
100828,1102,2024-02-27,305.92,2024-02-27
100829,1396,2024-01-14,933.03,2024-01-14
100830,1315,2024-01-08,164.47,2024-01-10
100831,1151,2024-02-21,379.67,2024-02-23
100832,1184,2024-01-13,630.57,2024-01-18
100833,1025,2024-02-04,858.36,2024-02-06
100834,1093,2024-01-24,929.07,2024-02-10
100835,1025,2024-02-07,924.30,2024-02-07
100836,1122,2024-02-04,404.15,2024-02-22
100837,1226,2024-02-27,831.13,2024-03-09
100838,1149,2024-02-09,864.68,2024-02-10
100839,1146,2024-02-05,787.38,2024-02-05
100840,1090,2024-02-24,856.20,2024-02-29
100841,1239,2024-02-22,668.28,2024-03-08
100842,1114,2024-01-23,615.25,2024-01-23
100843,1217,2024-02-29,844.32,2024-03-10
100844,1028,2024-02-22,751.04,2024-02-22
100845,1038,2024-01-04,622.91,2024-01-16
100846,1259,2024-01-09,844.41,2024-01-22
100847,1195,2024-01-24,738.88,2024-02-03
100848,1138,2024-01-18,89.22,2024-02-05
100849,1307,2024-01-12,324.42,2024-01-17
100850,1299,2024-02-21,499.24,2024-03-10
100851,1010,2024-01-13,276.89,2024-01-16
100852,1193,2024-01-16,490.97,2024-01-26
100853,1133,2024-02-01,500.06,2024-02-07
100854,1319,2024-02-11,32.02,2024-02-29
100855,1268,2024-02-29,566.95,2024-02-29
100856,1197,2024-02-18,236.86,2024-02-28
100857,1282,2024-02-23,692.92,2024-03-11
100858,1258,2024-02-14,113.82,2024-02-16
100859,1114,2024-01-13,801.09,2024-01-22
100860,1017,2024-01-06,599.37,2024-01-18
100861,1367,2024-01-23,126.38,2024-01-27
100862,1295,2024-01-05,431.81,2024-01-05
100863,1026,2024-01-19,548.09,2024-01-20
100864,1184,2024-02-27,435.96,2024-03-06
100865,1386,2024-02-22,767.06,2024-02-22
100866,1009,2024-02-16,939.66,2024-03-06
100867,1088,2024-01-30,681.77,2024-02-17
100868,1382,2024-02-23,803.83,2024-03-02
100869,1262,2024-01-07,339.32,2024-01-17
100870,1030,2024-02-19,636.91,2024-02-19
100871,1079,2024-01-02,776.17,2024-01-21
100872,1135,2024-01-09,642.09,2024-01-09
100873,1278,2024-02-20,681.49,2024-03-08
100874,1135,2024-02-27,703.26,2024-03-02
100875,1060,2024-01-22,318.18,2024-02-10
100876,1327,2024-02-02,191.00,2024-02-14
100877,1106,2024-01-16,437.05,2024-01-21
100878,1316,2024-01-21,678.94,2024-02-04
100879,1215,2024-02-20,87.03,2024-02-22
100880,1081,2024-02-23,409.39,2024-02-28
100881,1006,2024-02-10,457.68,2024-02-25
100882,1264,2024-01-27,83.39,2024-02-13
100883,1338,2024-02-14,388.59,2024-03-03
100884,1280,2024-01-04,497.81,2024-01-04
100885,1185,2024-01-24,381.10,2024-02-02
100886,1294,2024-02-05,559.25,2024-02-19
100887,1264,2024-02-09,946.72,2024-02-25
100888,1138,2024-02-16,697.81,2024-02-16
100889,1380,2024-02-28,401.91,2024-03-02
100890,1043,2024-01-17,145.69,2024-01-22
100891,1083,2024-02-05,465.68,2024-02-20
100892,1193,2024-01-16,131.62,2024-02-02
100893,1104,2024-01-19,821.48,2024-01-19
100894,1265,2024-02-11,120.97,2024-02-11
100895,1113,2024-02-04,209.88,2024-02-04
100896,1070,2024-02-12,454.95,2024-02-18
100897,1268,2024-02-27,897.43,2024-02-27
100898,1316,2024-02-08,357.17,2024-02-12
100899,1221,2024-01-18,575.50,2024-02-01
100900,1331,2024-02-21,113.72,2024-03-04
100901,1385,2024-01-28,547.46,2024-01-28
100902,1204,2024-01-15,47.87,2024-01-20
100903,1096,2024-01-07,120.68,2024-01-07
100904,1037,2024-01-09,296.63,2024-01-21
100905,1137,2024-02-16,295.06,2024-03-03
100906,1086,2024-02-08,36.30,2024-02-13
100907,1031,2024-01-26,143.61,2024-02-14
100908,1352,2024-01-22,406.45,2024-01-22
100909,1182,2024-02-21,890.61,2024-03-02
100910,1098,2024-01-03,845.71,2024-01-10
100911,1343,2024-02-29,182.09,2024-03-12
100912,1340,2024-01-14,469.47,2024-01-14
100913,1385,2024-02-09,124.99,2024-02-21
100914,1231,2024-01-28,73.51,2024-01-30
100915,1077,2024-02-28,402.52,2024-03-09
100916,1279,2024-02-28,301.12,2024-03-07
100917,1188,2024-01-21,856.27,2024-01-21
100918,1075,2024-01-11,744.47,2024-01-27
100919,1152,2024-01-01,794.39,2024-01-21
100920,1166,2024-01-03,134.84,2024-01-08
100921,1183,2024-01-23,484.48,2024-02-07
100922,1004,2024-01-21,725.98,2024-02-05
100923,1032,2024-02-25,150.04,2024-03-07
100924,1064,2024-01-03,93.96,2024-01-23
100925,1162,2024-02-26,634.63,2024-02-26
100926,1340,2024-01-19,395.05,2024-01-27
100927,1306,2024-01-27,856.23,2024-02-07
100928,1068,2024-02-29,518.53,2024-03-11
100929,1162,2024-01-31,846.64,2024-02-09
100930,1157,2024-02-16,617.16,2024-02-16
100931,1138,2024-02-04,824.00,2024-02-05
100932,1161,2024-01-15,547.68,2024-01-25
100933,1383,2024-01-06,537.38,2024-01-10
100934,1242,2024-02-23,615.28,2024-02-26
100935,1343,2024-01-18,190.88,2024-01-18
100936,1094,2024-01-06,591.58,2024-01-25
100937,1359,2024-02-26,722.16,2024-03-14
100938,1057,2024-02-08,188.03,2024-02-24
100939,1152,2024-02-18,482.48,2024-02-19
100940,1190,2024-02-02,123.07,2024-02-20
100941,1051,2024-02-26,178.96,2024-02-27
100942,1227,2024-01-23,268.46,2024-01-23
100943,1362,2024-02-01,203.46,2024-02-01
100944,1135,2024-01-10,789.91,2024-01-29
100945,1192,2024-02-26,427.58,2024-02-26
100946,1354,2024-02-08,768.51,2024-02-28
100947,1336,2024-02-10,311.21,2024-02-29
100948,1285,2024-01-14,52.28,2024-01-14
100949,1067,2024-01-05,820.26,2024-01-06
100950,1263,2024-02-04,329.56,2024-02-04
100951,1244,2024-01-03,179.68,2024-01-03
100952,1007,2024-01-05,32.61,2024-01-05
100953,1138,2024-01-22,506.23,2024-01-22
100954,1028,2024-02-29,369.09,2024-03-02
100955,1021,2024-01-08,117.77,2024-01-12
100956,1339,2024-01-03,519.27,2024-01-03
100957,1145,2024-01-30,278.23,2024-01-30
100958,1377,2024-01-05,181.71,2024-01-08
100959,1094,2024-01-31,154.97,2024-02-14
100960,1320,2024-01-30,647.89,2024-01-30
100961,1354,2024-02-28,65.38,2024-02-28
100962,1223,2024-01-17,913.46,2024-01-23
100963,1244,2024-02-06,35.54,2024-02-08
100964,1161,2024-01-16,290.14,2024-01-16
100965,1002,2024-01-19,102.82,2024-01-24
100966,1262,2024-01-26,398.05,2024-02-06
100967,1006,2024-01-18,252.46,2024-01-22
100968,1314,2024-01-24,58.77,2024-02-01
100969,1338,2024-01-22,717.01,2024-01-22
100970,1318,2024-01-20,560.87,2024-02-05
100971,1108,2024-01-12,488.10,2024-01-12
100972,1325,2024-01-15,484.16,2024-01-15
100973,1151,2024-02-08,902.40,2024-02-08
100974,1013,2024-02-05,263.13,2024-02-16
100975,1260,2024-01-03,446.93,2024-01-17
100976,1177,2024-02-12,71.53,2024-02-13
100977,1025,2024-02-27,393.04,2024-02-27
100978,1004,2024-01-21,229.72,2024-01-22
100979,1376,2024-01-04,263.01,2024-01-23
100980,1135,2024-01-21,644.59,2024-01-29
100981,1342,2024-01-19,727.20,2024-01-24
100982,1121,2024-02-29,296.34,2024-03-07
100983,1318,2024-02-27,429.22,2024-02-27
100984,1011,2024-02-14,805.50,2024-02-14
100985,1296,2024-01-20,480.41,2024-01-20
100986,1378,2024-01-01,745.91,2024-01-01
100987,1260,2024-01-03,143.83,2024-01-03
100988,1185,2024-01-18,518.01,2024-01-24
100989,1376,2024-02-17,745.10,2024-03-06
100990,1249,2024-02-21,905.46,2024-03-10
100991,1090,2024-02-25,434.64,2024-02-26
100992,1142,2024-02-05,773.89,2024-02-25
100993,1053,2024-01-28,281.89,2024-02-03
100994,1347,2024-02-17,10.51,2024-02-17
100995,1250,2024-01-02,887.50,2024-01-18
100996,1247,2024-01-16,266.90,2024-01-16
100997,1149,2024-02-05,245.84,2024-02-18
100998,1203,2024-02-27,949.29,2024-02-27
100999,1167,2024-02-03,801.89,2024-02-10
101000,1154,2024-01-05,560.05,2024-01-22
101001,1187,2024-02-28,274.43,2024-03-02
101002,1061,2024-01-02,704.83,2024-01-21
101003,1243,2024-01-29,75.74,2024-02-01
101004,1310,2024-02-02,381.59,2024-02-06
101005,1399,2024-01-15,790.67,2024-02-02
101006,1388,2024-02-01,948.89,2024-02-15
101007,1353,2024-01-30,208.20,2024-02-16
101008,1248,2024-02-11,909.97,2024-02-22
101009,1350,2024-01-25,840.90,2024-01-25
101010,1390,2024-02-19,898.68,2024-02-28
101011,1368,2024-01-29,930.86,2024-02-13
101012,1388,2024-02-21,266.63,2024-03-03
101013,1394,2024-01-22,331.13,2024-01-22
101014,1197,2024-02-11,442.21,2024-03-02
101015,1365,2024-01-12,318.75,2024-01-17
101016,1321,2024-01-30,617.66,2024-01-31
101017,1191,2024-01-15,582.26,2024-01-15
101018,1381,2024-01-30,14.02,2024-01-30
101019,1225,2024-01-06,19.00,2024-01-12
101020,1178,2024-01-19,398.37,2024-02-04
101021,1052,2024-02-05,726.72,2024-02-23
101022,1171,2024-02-13,86.28,2024-02-13
101023,1088,2024-01-15,834.12,2024-01-18
101024,1205,2024-02-24,516.33,2024-03-10
101025,1144,2024-01-27,641.91,2024-02-08
101026,1234,2024-02-19,923.72,2024-03-03
101027,1187,2024-02-27,787.82,2024-03-10
101028,1254,2024-01-22,373.55,2024-01-22
101029,1302,2024-01-11,798.80,2024-01-12
101030,1340,2024-02-07,127.28,2024-02-19
101031,1390,2024-02-01,890.07,2024-02-01
101032,1092,2024-02-21,427.90,2024-02-29
101033,1367,2024-02-24,708.56,2024-03-04
101034,1241,2024-02-13,649.72,2024-02-13
101035,1085,2024-02-06,676.65,2024-02-06
101036,1279,2024-01-30,190.02,2024-02-19
101037,1052,2024-01-05,597.72,2024-01-05
101038,1313,2024-01-10,769.91,2024-01-18
101039,1388,2024-01-05,230.20,2024-01-05
101040,1330,2024-02-21,474.18,2024-02-21
101041,1020,2024-02-08,351.22,2024-02-08
101042,1278,2024-01-10,273.91,2024-01-10
101043,1369,2024-01-29,860.24,2024-01-29
101044,1009,2024-01-01,674.55,2024-01-08
101045,1059,2024-01-07,16.71,2024-01-20
101046,1186,2024-02-04,114.29,2024-02-13
101047,1097,2024-01-07,544.96,2024-01-23
101048,1003,2024-02-18,170.25,2024-02-18
101049,1292,2024-01-11,192.14,2024-01-11
101050,1038,2024-02-08,704.49,2024-02-28
101051,1173,2024-02-15,541.23,2024-02-18
101052,1207,2024-02-28,562.87,2024-03-11
101053,1341,2024-02-13,71.15,2024-02-13
101054,1338,2024-02-02,254.05,2024-02-02
101055,1160,2024-01-10,545.71,2024-01-18
101056,1087,2024-01-22,838.14,2024-01-31
101057,1314,2024-02-10,190.34,2024-02-11
101058,1389,2024-02-16,942.43,2024-02-16
101059,1294,2024-02-04,661.41,2024-02-04
101060,1201,2024-02-12,510.97,2024-02-12
101061,1041,2024-01-24,247.75,2024-01-24
101062,1232,2024-02-16,536.51,2024-03-02
101063,1101,2024-02-14,11.84,2024-02-28
101064,1012,2024-01-23,612.51,2024-01-25
101065,1176,2024-01-14,812.63,2024-01-25
101066,1288,2024-02-27,416.60,2024-03-12
101067,1238,2024-02-14,267.59,2024-03-02
101068,1086,2024-02-21,448.59,2024-03-04
101069,1301,2024-02-28,496.22,2024-02-28
101070,1101,2024-01-31,50.86,2024-02-08
101071,1224,2024-02-09,54.15,2024-02-23
101072,1349,2024-02-02,510.47,2024-02-13
101073,1079,2024-01-29,14.85,2024-01-29
101074,1153,2024-02-26,192.93,2024-02-29
101075,1335,2024-01-07,837.29,2024-01-08
101076,1306,2024-01-16,940.85,2024-01-24
101077,1086,2024-02-05,929.41,2024-02-19
101078,1330,2024-02-14,910.31,2024-02-14
101079,1156,2024-01-08,871.98,2024-01-15
101080,1241,2024-02-18,164.61,2024-02-18
101081,1196,2024-02-20,302.16,2024-02-24
101082,1253,2024-02-29,36.20,2024-03-07
101083,1033,2024-01-31,769.58,2024-02-19
101084,1050,2024-02-11,759.39,2024-02-22
101085,1008,2024-01-11,800.08,2024-01-19
101086,1136,2024-02-12,111.37,2024-02-20
101087,1312,2024-01-02,911.27,2024-01-02
101088,1288,2024-02-16,792.57,2024-02-16
101089,1199,2024-01-13,782.34,2024-01-13
101090,1005,2024-01-26,498.49,2024-02-03
101091,1251,2024-01-05,896.93,2024-01-25
101092,1296,2024-01-20,592.39,2024-01-20
101093,1385,2024-02-21,728.25,2024-03-07
101094,1067,2024-02-16,554.20,2024-02-16
101095,1372,2024-01-12,90.40,2024-01-14
101096,1188,2024-02-22,871.71,2024-03-06
101097,1336,2024-01-17,304.48,2024-01-20
101098,1179,2024-02-15,745.69,2024-02-17
101099,1165,2024-01-21,873.97,2024-01-21
101100,1080,2024-01-07,425.40,2024-01-17
101101,1023,2024-02-19,584.09,2024-03-04
101102,1275,2024-01-14,71.84,2024-01-16
101103,1194,2024-02-13,535.70,2024-02-23
101104,1397,2024-02-15,808.93,2024-02-28
101105,1306,2024-01-06,100.08,2024-01-20
101106,1275,2024-01-28,229.13,2024-02-17
101107,1391,2024-01-18,750.23,2024-01-18
101108,1225,2024-01-02,596.57,2024-01-17
101109,1389,2024-02-03,370.88,2024-02-17
101110,1194,2024-01-25,837.14,2024-01-25
101111,1218,2024-02-06,592.08,2024-02-17
101112,1337,2024-01-02,621.87,2024-01-02
101113,1260,2024-01-21,645.23,2024-01-22
101114,1390,2024-01-26,436.83,2024-02-06
101115,1388,2024-01-12,562.54,2024-01-16
101116,1379,2024-01-18,106.53,2024-02-07
101117,1145,2024-01-27,680.50,2024-01-27
101118,1219,2024-02-28,567.31,2024-03-13
101119,1349,2024-01-14,192.00,2024-02-02
101120,1188,2024-02-08,128.42,2024-02-25
101121,1220,2024-01-01,250.91,2024-01-15
101122,1320,2024-01-06,462.52,2024-01-26
101123,1100,2024-01-16,427.95,2024-01-24
101124,1026,2024-02-14,139.41,2024-02-16
101125,1329,2024-01-24,66.86,2024-02-03
101126,1360,2024-01-23,559.45,2024-02-09
101127,1051,2024-01-22,912.16,2024-02-03
101128,1209,2024-02-04,302.52,2024-02-22
101129,1157,2024-01-22,738.97,2024-01-27
101130,1378,2024-01-13,451.35,2024-02-02
101131,1243,2024-01-14,332.33,2024-01-26
101132,1361,2024-02-04,922.05,2024-02-21
101133,1139,2024-01-06,561.25,2024-01-11
101134,1130,2024-01-03,63.88,2024-01-20
101135,1101,2024-01-24,780.03,2024-02-11
101136,1298,2024-01-20,817.18,2024-02-03
101137,1177,2024-02-29,333.19,2024-03-04
101138,1225,2024-01-13,612.12,2024-01-20
101139,1142,2024-01-20,748.15,2024-01-31
101140,1395,2024-02-20,187.99,2024-03-07
101141,1283,2024-02-10,663.09,2024-02-25
101142,1192,2024-01-07,573.78,2024-01-18
101143,1039,2024-02-10,810.89,2024-02-29
101144,1052,2024-01-16,915.28,2024-01-16
101145,1247,2024-02-07,589.14,2024-02-21
101146,1270,2024-01-22,318.90,2024-01-26
101147,1089,2024-02-07,437.04,2024-02-09
101148,1370,2024-01-25,476.17,2024-01-26
101149,1317,2024-02-15,610.44,2024-02-23
101150,1247,2024-02-13,448.54,2024-02-20
101151,1317,2024-01-23,234.68,2024-01-23
101152,1313,2024-01-22,700.51,2024-02-02
101153,1229,2024-01-04,768.84,2024-01-17
101154,1230,2024-01-23,203.00,2024-01-29
101155,1346,2024-01-08,786.52,2024-01-09
101156,1315,2024-01-09,351.05,2024-01-12
101157,1015,2024-01-11,346.41,2024-01-11
101158,1180,2024-02-09,531.41,2024-02-14
101159,1282,2024-01-04,283.14,2024-01-11
101160,1081,2024-01-08,603.45,2024-01-08
101161,1121,2024-01-19,867.95,2024-01-31
101162,1311,2024-02-07,51.27,2024-02-08
101163,1098,2024-02-06,197.18,2024-02-16
101164,1388,2024-02-09,173.70,2024-02-18
101165,1316,2024-01-15,685.71,2024-01-15
101166,1061,2024-02-25,329.43,2024-03-14
101167,1033,2024-01-11,241.21,2024-01-18
101168,1258,2024-01-10,30.20,2024-01-10
101169,1127,2024-01-09,802.31,2024-01-09
101170,1197,2024-02-20,866.01,2024-02-21
101171,1214,2024-02-01,791.56,2024-02-01
101172,1056,2024-01-04,139.01,2024-01-08
101173,1376,2024-01-05,328.08,2024-01-12
101174,1295,2024-01-15,296.77,2024-01-23
101175,1152,2024-01-12,357.46,2024-01-12
101176,1400,2024-02-22,360.01,2024-02-28
101177,1127,2024-02-24,894.69,2024-03-09
101178,1322,2024-02-17,835.68,2024-02-17
101179,1115,2024-01-07,71.45,2024-01-12
101180,1033,2024-01-21,839.76,2024-01-26
101181,1399,2024-02-03,757.20,2024-02-10
101182,1079,2024-02-27,510.60,2024-02-27
101183,1129,2024-01-03,662.69,2024-01-14
101184,1358,2024-02-18,573.58,2024-02-26
101185,1082,2024-01-10,875.75,2024-01-30
101186,1300,2024-02-20,562.09,2024-02-20
101187,1265,2024-02-08,813.17,2024-02-18
101188,1325,2024-01-26,752.21,2024-02-06
101189,1364,2024-01-27,242.34,2024-02-05
101190,1216,2024-02-07,830.48,2024-02-07
101191,1382,2024-02-29,810.41,2024-03-10
101192,1181,2024-01-13,842.68,2024-01-20
101193,1396,2024-02-24,693.66,2024-03-11
101194,1281,2024-02-16,753.54,2024-02-16
101195,1176,2024-01-28,587.99,2024-02-03
101196,1204,2024-02-10,488.10,2024-02-27
101197,1103,2024-01-15,361.81,2024-02-01
101198,1399,2024-01-09,446.41,2024-01-09
101199,1302,2024-01-10,312.51,2024-01-10
101200,1024,2024-02-10,361.45,2024-02-26
101201,1281,2024-01-16,682.71,2024-02-01
101202,1314,2024-01-15,455.33,2024-02-03
101203,1221,2024-01-08,386.89,2024-01-27
101204,1066,2024-02-07,620.75,2024-02-14
101205,1266,2024-01-18,216.35,2024-01-25
101206,1190,2024-01-21,434.96,2024-01-21
101207,1166,2024-02-29,230.32,2024-02-29
101208,1306,2024-02-19,215.48,2024-03-04
101209,1025,2024-01-27,845.39,2024-02-15
101210,1109,2024-01-17,157.78,2024-01-17
101211,1284,2024-01-03,801.89,2024-01-03
101212,1004,2024-02-21,249.26,2024-02-24
101213,1287,2024-01-15,136.27,2024-01-18
101214,1124,2024-02-07,287.35,2024-02-24
101215,1349,2024-02-25,340.48,2024-02-25
101216,1071,2024-01-14,558.92,2024-01-14
101217,1333,2024-01-21,447.34,2024-02-10
101218,1134,2024-01-18,326.19,2024-02-02
101219,1145,2024-01-02,449.50,2024-01-02
101220,1303,2024-01-13,394.42,2024-01-29
101221,1038,2024-01-22,308.00,2024-02-04
101222,1290,2024-01-10,33.24,2024-01-10
101223,1263,2024-01-14,425.19,2024-01-23
101224,1282,2024-02-07,616.63,2024-02-19
101225,1074,2024-02-29,857.39,2024-03-05
101226,1361,2024-01-04,802.05,2024-01-21
101227,1136,2024-01-23,523.85,2024-01-23
101228,1305,2024-02-01,83.47,2024-02-10
101229,1334,2024-01-05,881.01,2024-01-09
101230,1398,2024-01-10,121.47,2024-01-10
101231,1167,2024-01-15,348.62,2024-01-15
101232,1255,2024-01-26,523.26,2024-01-26
101233,1047,2024-01-20,323.73,2024-01-31
101234,1066,2024-01-05,245.02,2024-01-14
101235,1236,2024-02-06,189.20,2024-02-26
101236,1292,2024-01-24,948.12,2024-02-11
101237,1228,2024-01-30,867.64,2024-01-31
101238,1098,2024-02-20,733.87,2024-03-01
101239,1029,2024-01-06,782.97,2024-01-19
101240,1258,2024-01-06,899.07,2024-01-25
101241,1303,2024-01-01,722.34,2024-01-02
101242,1352,2024-01-12,453.68,2024-01-12
101243,1112,2024-02-10,491.89,2024-02-15
101244,1286,2024-01-03,823.54,2024-01-03
101245,1176,2024-01-31,223.92,2024-02-07
101246,1016,2024-01-31,455.97,2024-01-31
101247,1046,2024-02-28,494.88,2024-02-28
101248,1204,2024-02-06,748.82,2024-02-21
101249,1151,2024-02-11,689.16,2024-02-26
101250,1092,2024-02-09,330.22,2024-02-12
101251,1114,2024-01-25,304.29,2024-01-25
101252,1352,2024-02-26,186.58,2024-03-11
101253,1182,2024-02-19,207.01,2024-03-05
101254,1132,2024-02-09,811.77,2024-02-10
101255,1347,2024-01-21,362.22,2024-01-21
101256,1380,2024-01-31,552.86,2024-02-05
101257,1050,2024-02-29,297.24,2024-02-29
101258,1034,2024-02-12,703.54,2024-02-28
101259,1294,2024-02-13,771.78,2024-02-25
101260,1115,2024-01-31,329.43,2024-02-14
101261,1391,2024-02-17,410.18,2024-02-17
101262,1371,2024-02-05,717.47,2024-02-23
101263,1048,2024-02-15,291.66,2024-03-05
101264,1019,2024-02-26,31.85,2024-02-28
101265,1359,2024-01-17,876.82,2024-01-22
101266,1231,2024-02-25,928.61,2024-03-07
101267,1308,2024-02-02,544.10,2024-02-22
101268,1204,2024-01-07,868.93,2024-01-26
101269,1397,2024-01-01,824.93,2024-01-14
101270,1344,2024-01-27,201.95,2024-02-09
101271,1393,2024-01-17,69.89,2024-01-30
101272,1069,2024-01-27,187.04,2024-01-31
101273,1158,2024-02-17,319.11,2024-03-03
101274,1061,2024-01-24,610.66,2024-02-03
101275,1029,2024-01-15,97.65,2024-01-15
101276,1061,2024-02-29,108.05,2024-03-09
101277,1267,2024-02-20,176.98,2024-03-11
101278,1118,2024-01-25,469.30,2024-01-31
101279,1109,2024-01-19,197.06,2024-02-01
101280,1092,2024-02-09,276.79,2024-02-17
101281,1282,2024-02-29,283.64,2024-03-09
101282,1347,2024-01-09,75.78,2024-01-11
101283,1163,2024-02-08,356.53,2024-02-09
101284,1071,2024-01-18,171.52,2024-02-01
101285,1297,2024-01-19,377.64,2024-01-19
101286,1268,2024-01-29,940.22,2024-02-03
101287,1114,2024-01-16,514.27,2024-02-01
101288,1346,2024-02-12,708.55,2024-02-25
101289,1373,2024-01-26,907.79,2024-01-26
101290,1175,2024-01-15,823.76,2024-01-20
101291,1356,2024-02-14,828.22,2024-02-24
101292,1128,2024-02-08,416.27,2024-02-24
101293,1370,2024-02-06,159.25,2024-02-25
101294,1184,2024-01-31,892.80,2024-02-19
101295,1231,2024-01-06,200.79,2024-01-06
101296,1312,2024-02-03,683.77,2024-02-18
101297,1170,2024-01-05,268.91,2024-01-06
101298,1361,2024-02-17,941.62,2024-03-03
101299,1271,2024-01-31,70.13,2024-02-13
101300,1304,2024-01-18,578.56,2024-01-18
101301,1174,2024-02-15,242.03,2024-02-26
101302,1287,2024-01-26,865.68,2024-02-11
101303,1028,2024-01-24,442.59,2024-01-24
101304,1291,2024-01-11,551.56,2024-01-14
101305,1353,2024-02-14,280.64,2024-02-29
101306,1321,2024-01-10,335.97,2024-01-20
101307,1229,2024-02-07,377.62,2024-02-13
101308,1344,2024-01-30,400.15,2024-01-30
101309,1055,2024-01-30,178.80,2024-02-19
101310,1290,2024-02-12,699.25,2024-02-27
101311,1104,2024-02-20,371.59,2024-02-26
101312,1314,2024-01-08,666.61,2024-01-12
101313,1375,2024-01-04,379.94,2024-01-06
101314,1383,2024-02-25,235.31,2024-03-02
101315,1071,2024-02-08,267.35,2024-02-26
101316,1093,2024-02-06,284.38,2024-02-06
101317,1207,2024-02-02,871.32,2024-02-09
101318,1019,2024-02-08,864.21,2024-02-22
101319,1079,2024-02-24,942.85,2024-02-24
101320,1085,2024-02-03,529.65,2024-02-03
101321,1022,2024-01-29,945.60,2024-02-01
101322,1064,2024-02-10,720.07,2024-02-27
101323,1174,2024-02-06,730.55,2024-02-17
101324,1351,2024-02-04,395.49,2024-02-04
101325,1383,2024-01-28,164.95,2024-02-04
101326,1325,2024-01-27,485.70,2024-02-11
101327,1024,2024-01-28,35.11,2024-01-28
101328,1383,2024-01-16,610.53,2024-01-31
101329,1366,2024-02-11,368.29,2024-02-24
101330,1247,2024-01-15,814.43,2024-01-15
101331,1294,2024-01-02,382.87,2024-01-03
101332,1198,2024-02-03,245.57,2024-02-08
101333,1213,2024-02-23,317.48,2024-03-09
101334,1135,2024-01-11,465.67,2024-01-11
101335,1108,2024-02-15,74.14,2024-02-15
101336,1004,2024-01-04,525.52,2024-01-12
101337,1397,2024-02-03,680.77,2024-02-18
101338,1331,2024-02-17,141.84,2024-02-26
101339,1077,2024-02-21,801.07,2024-02-27
101340,1250,2024-02-13,798.19,2024-02-13
101341,1276,2024-01-24,580.57,2024-01-30
101342,1323,2024-02-09,286.50,2024-02-09
101343,1301,2024-01-16,512.57,2024-01-16
101344,1394,2024-01-05,377.40,2024-01-05
101345,1118,2024-02-09,82.93,2024-02-10
101346,1355,2024-02-09,646.74,2024-02-09
101347,1384,2024-02-18,154.29,2024-03-01
101348,1090,2024-02-02,177.26,2024-02-04
101349,1159,2024-01-05,849.13,2024-01-23
101350,1349,2024-02-12,213.20,2024-02-14
101351,1151,2024-01-12,796.31,2024-01-29
101352,1247,2024-02-12,612.55,2024-02-16
101353,1169,2024-02-28,377.18,2024-03-04
101354,1189,2024-02-09,427.35,2024-02-29
101355,1162,2024-01-20,14.39,2024-01-20
101356,1021,2024-02-02,736.07,2024-02-09
101357,1093,2024-02-16,883.09,2024-02-28
101358,1003,2024-02-08,864.23,2024-02-15
101359,1371,2024-02-25,95.90,2024-03-10
101360,1118,2024-01-25,36.27,2024-01-26
101361,1003,2024-02-04,326.89,2024-02-11
101362,1284,2024-02-05,649.16,2024-02-08
101363,1320,2024-02-28,217.33,2024-03-14
101364,1373,2024-02-25,100.81,2024-03-02
101365,1231,2024-02-15,690.57,2024-02-17
101366,1078,2024-01-16,400.74,2024-01-20
101367,1194,2024-02-20,776.69,2024-02-20
101368,1317,2024-01-17,313.32,2024-01-24
101369,1136,2024-02-29,597.19,2024-03-09
101370,1317,2024-02-16,381.36,2024-03-01
101371,1252,2024-01-03,123.56,2024-01-10
101372,1129,2024-01-16,109.53,2024-01-27
101373,1027,2024-02-15,173.20,2024-02-15
101374,1303,2024-01-28,388.01,2024-01-28
101375,1045,2024-02-21,307.27,2024-03-05
101376,1060,2024-02-04,210.00,2024-02-12
101377,1124,2024-01-08,72.06,2024-01-17
101378,1208,2024-01-17,620.95,2024-01-29
101379,1115,2024-01-08,51.30,2024-01-15
101380,1014,2024-01-14,396.43,2024-02-03
101381,1109,2024-02-22,479.60,2024-02-26
101382,1036,2024-02-15,679.78,2024-03-05
101383,1346,2024-01-20,171.17,2024-01-24
101384,1034,2024-02-09,573.88,2024-02-22
101385,1397,2024-01-15,647.23,2024-01-15
101386,1141,2024-01-06,924.02,2024-01-06
101387,1071,2024-02-16,662.10,2024-02-27
101388,1055,2024-02-12,174.81,2024-02-12
101389,1395,2024-02-18,726.01,2024-02-29
101390,1072,2024-02-19,929.34,2024-02-19
101391,1062,2024-02-12,636.39,2024-02-15
101392,1090,2024-01-28,325.00,2024-02-17
101393,1346,2024-02-22,867.38,2024-03-08
101394,1331,2024-01-30,369.43,2024-02-07
101395,1082,2024-02-02,483.21,2024-02-03
101396,1392,2024-01-16,228.65,2024-02-05
101397,1143,2024-01-05,723.40,2024-01-05
101398,1213,2024-01-13,126.61,2024-01-21
101399,1114,2024-02-25,703.64,2024-03-04
101400,1286,2024-01-12,592.58,2024-01-14
101401,1118,2024-02-24,139.30,2024-03-11
101402,1371,2024-01-17,288.82,2024-01-22
101403,1068,2024-02-11,363.20,2024-02-13
101404,1287,2024-02-26,233.78,2024-02-26
101405,1333,2024-01-13,691.79,2024-01-28
101406,1194,2024-02-26,704.90,2024-03-08
101407,1373,2024-02-01,136.21,2024-02-01
101408,1214,2024-01-17,308.49,2024-01-19
101409,1136,2024-01-25,499.62,2024-01-25
101410,1087,2024-01-10,928.91,2024-01-10
101411,1380,2024-01-25,619.16,2024-02-04
101412,1001,2024-01-12,715.52,2024-01-20
101413,1324,2024-01-20,806.12,2024-01-20
101414,1149,2024-01-20,321.39,2024-01-28
101415,1083,2024-02-14,203.47,2024-02-16
101416,1268,2024-01-30,862.23,2024-01-30
101417,1329,2024-01-14,635.11,2024-01-22
101418,1239,2024-02-26,763.36,2024-03-05
101419,1370,2024-01-28,581.58,2024-02-10
101420,1060,2024-01-21,500.18,2024-01-27
101421,1214,2024-02-25,425.82,2024-02-26
101422,1327,2024-01-11,70.74,2024-01-27
101423,1146,2024-01-09,75.79,2024-01-16
101424,1302,2024-02-21,58.98,2024-02-26
101425,1087,2024-01-24,891.98,2024-01-29
101426,1294,2024-02-07,96.25,2024-02-26
101427,1329,2024-02-23,525.92,2024-03-01
101428,1311,2024-01-20,232.13,2024-01-23
101429,1217,2024-02-20,410.67,2024-03-06
101430,1041,2024-02-12,302.78,2024-02-19
101431,1134,2024-02-17,240.23,2024-02-23
101432,1086,2024-01-21,579.50,2024-01-31
101433,1367,2024-02-26,278.23,2024-02-26
101434,1044,2024-01-01,431.37,2024-01-08
101435,1386,2024-02-22,265.55,2024-03-09
101436,1211,2024-02-11,85.22,2024-02-23
101437,1038,2024-01-12,384.35,2024-01-12
101438,1214,2024-02-03,167.70,2024-02-18
101439,1323,2024-02-27,407.34,2024-03-12
101440,1083,2024-02-02,724.70,2024-02-18
101441,1211,2024-01-10,28.62,2024-01-23
101442,1227,2024-02-22,411.75,2024-02-25
101443,1190,2024-01-04,723.33,2024-01-14
101444,1208,2024-02-26,569.47,2024-03-02
101445,1199,2024-01-11,529.68,2024-01-11
101446,1115,2024-02-04,175.16,2024-02-04
101447,1207,2024-01-31,367.62,2024-01-31
101448,1160,2024-02-20,297.50,2024-02-20
101449,1259,2024-01-20,276.23,2024-02-07
101450,1145,2024-02-12,579.66,2024-02-15
101451,1084,2024-02-03,323.24,2024-02-03
101452,1381,2024-01-17,681.97,2024-01-17
101453,1141,2024-01-11,193.97,2024-01-18
101454,1004,2024-02-25,13.93,2024-02-25
101455,1120,2024-02-02,819.96,2024-02-14
101456,1204,2024-02-04,471.97,2024-02-04
101457,1234,2024-01-01,880.15,2024-01-14
101458,1236,2024-02-05,922.26,2024-02-17
101459,1184,2024-01-07,371.00,2024-01-17
101460,1235,2024-01-10,612.59,2024-01-29
101461,1125,2024-01-16,76.96,2024-01-16
101462,1073,2024-02-12,841.90,2024-02-16
101463,1400,2024-01-12,371.74,2024-01-31
101464,1035,2024-02-29,162.62,2024-03-13
101465,1345,2024-01-19,420.12,2024-01-28
101466,1237,2024-02-25,734.99,2024-03-08
101467,1328,2024-02-15,489.03,2024-03-02
101468,1027,2024-02-10,606.88,2024-02-22
101469,1146,2024-02-23,664.67,2024-03-07
101470,1296,2024-01-16,880.93,2024-01-16
101471,1133,2024-01-18,701.52,2024-01-26
101472,1176,2024-02-17,459.06,2024-02-29
101473,1101,2024-02-29,603.10,2024-03-11
101474,1103,2024-01-28,36.56,2024-01-28
101475,1043,2024-01-11,635.74,2024-01-16
101476,1327,2024-01-03,255.65,2024-01-18
101477,1149,2024-01-02,897.61,2024-01-02
101478,1199,2024-02-28,148.53,2024-03-03
101479,1346,2024-02-08,576.02,2024-02-14
101480,1344,2024-01-24,21.60,2024-01-27
101481,1161,2024-01-10,615.73,2024-01-23
101482,1202,2024-02-27,383.81,2024-03-01
101483,1272,2024-01-26,497.42,2024-01-26
101484,1066,2024-02-21,187.49,2024-03-06
101485,1186,2024-01-07,165.87,2024-01-21
101486,1393,2024-02-14,247.70,2024-02-14
101487,1365,2024-01-05,294.09,2024-01-23
101488,1307,2024-01-02,628.98,2024-01-15
101489,1340,2024-01-09,560.91,2024-01-09
101490,1210,2024-02-14,699.90,2024-02-14
101491,1366,2024-02-20,717.31,2024-02-23
101492,1266,2024-02-25,112.72,2024-03-08
101493,1090,2024-02-21,775.37,2024-03-01
101494,1137,2024-01-28,713.81,2024-02-10
101495,1129,2024-02-11,667.07,2024-02-12
101496,1337,2024-02-03,937.80,2024-02-19
101497,1162,2024-01-04,11.48,2024-01-04
101498,1190,2024-02-16,75.65,2024-03-01
101499,1155,2024-02-17,503.46,2024-02-27
101500,1294,2024-01-13,699.06,2024-01-19
101501,1124,2024-02-14,175.82,2024-02-20
101502,1216,2024-01-30,671.80,2024-01-30
101503,1321,2024-02-28,196.14,2024-02-28
101504,1229,2024-01-02,181.07,2024-01-06
101505,1074,2024-02-01,433.62,2024-02-08
101506,1021,2024-01-17,184.50,2024-01-19
101507,1390,2024-01-07,714.92,2024-01-14
101508,1184,2024-01-08,253.79,2024-01-22
101509,1248,2024-01-15,424.29,2024-02-04
101510,1267,2024-01-28,112.64,2024-02-03
101511,1134,2024-02-12,85.02,2024-02-15
101512,1100,2024-01-18,365.06,2024-01-18
101513,1035,2024-01-24,270.16,2024-02-04
101514,1130,2024-02-25,37.89,2024-02-25
101515,1250,2024-01-12,230.69,2024-01-28
101516,1142,2024-01-30,642.44,2024-02-03
101517,1172,2024-01-21,18.94,2024-01-30
101518,1300,2024-02-19,716.69,2024-02-19
101519,1319,2024-02-07,16.79,2024-02-26
101520,1382,2024-01-03,751.85,2024-01-05
101521,1039,2024-01-19,101.03,2024-02-05
101522,1380,2024-01-24,754.28,2024-02-06
101523,1279,2024-01-01,576.81,2024-01-10
101524,1093,2024-01-08,886.20,2024-01-24
101525,1196,2024-02-06,721.50,2024-02-06
101526,1284,2024-02-24,578.11,2024-03-06
101527,1002,2024-02-17,358.54,2024-02-28
101528,1235,2024-01-16,949.48,2024-01-24
101529,1094,2024-01-30,894.53,2024-01-30
101530,1096,2024-01-24,635.17,2024-02-06
101531,1161,2024-01-04,584.16,2024-01-04
101532,1069,2024-01-30,926.79,2024-02-10
101533,1210,2024-02-18,767.89,2024-02-19
101534,1393,2024-01-28,439.50,2024-02-10
101535,1400,2024-01-17,691.71,2024-01-17
101536,1142,2024-01-12,844.69,2024-01-17
101537,1329,2024-02-11,34.14,2024-02-11
101538,1321,2024-01-01,125.52,2024-01-18
101539,1276,2024-01-17,272.70,2024-01-17
101540,1245,2024-01-08,667.31,2024-01-16
101541,1091,2024-02-26,356.32,2024-03-13
101542,1380,2024-01-18,494.02,2024-01-18
101543,1052,2024-01-25,630.61,2024-01-26
101544,1039,2024-01-17,937.01,2024-01-28
101545,1062,2024-01-09,25.63,2024-01-21
101546,1383,2024-01-09,831.03,2024-01-20
101547,1110,2024-01-28,647.25,2024-02-05
101548,1389,2024-01-22,580.36,2024-02-04
101549,1149,2024-02-12,704.85,2024-02-15
101550,1097,2024-01-22,337.43,2024-01-22
101551,1377,2024-01-11,892.74,2024-01-27
101552,1223,2024-02-12,937.66,2024-02-16
101553,1363,2024-02-18,700.22,2024-02-28
101554,1367,2024-01-07,580.74,2024-01-12
101555,1257,2024-02-10,827.67,2024-02-10
101556,1161,2024-02-28,833.66,2024-02-28
101557,1081,2024-02-01,747.77,2024-02-18
101558,1122,2024-02-13,39.84,2024-02-13
101559,1359,2024-01-16,478.05,2024-01-19
101560,1343,2024-01-31,293.27,2024-02-18
101561,1060,2024-02-12,937.99,2024-02-27
101562,1292,2024-02-16,167.97,2024-03-02
101563,1276,2024-02-03,907.75,2024-02-03
101564,1044,2024-02-23,463.24,2024-03-12
101565,1396,2024-01-24,236.45,2024-01-24
101566,1297,2024-01-25,208.94,2024-01-28
101567,1059,2024-02-29,109.14,2024-03-12
101568,1123,2024-01-11,37.47,2024-01-22
101569,1246,2024-02-12,858.49,2024-02-21
101570,1220,2024-02-25,217.15,2024-02-25
101571,1038,2024-02-27,252.17,2024-03-14
101572,1094,2024-01-13,904.41,2024-01-13
101573,1162,2024-01-26,640.37,2024-01-26
101574,1103,2024-01-09,635.55,2024-01-27
101575,1258,2024-02-01,605.54,2024-02-17
101576,1220,2024-02-27,95.02,2024-03-09
101577,1379,2024-01-16,829.62,2024-02-04
101578,1397,2024-01-16,730.36,2024-02-05
101579,1316,2024-01-06,70.79,2024-01-17
101580,1244,2024-01-11,364.39,2024-01-24
101581,1185,2024-01-07,624.68,2024-01-25
101582,1146,2024-02-29,918.27,2024-03-07
101583,1298,2024-01-08,769.94,2024-01-16
101584,1261,2024-02-20,253.55,2024-02-20
101585,1211,2024-02-11,283.52,2024-02-15
101586,1281,2024-01-07,93.79,2024-01-26
101587,1317,2024-01-12,890.98,2024-01-16
101588,1056,2024-02-18,548.47,2024-02-23
101589,1188,2024-01-26,812.13,2024-02-08
101590,1386,2024-01-06,552.30,2024-01-07
101591,1323,2024-01-19,302.15,2024-02-07
101592,1247,2024-02-26,513.47,2024-02-26
101593,1315,2024-02-15,806.29,2024-02-15
101594,1333,2024-02-19,931.06,2024-02-19
101595,1364,2024-02-18,310.46,2024-02-18
101596,1318,2024-01-30,353.12,2024-02-04
101597,1110,2024-02-28,498.57,2024-03-09
101598,1144,2024-01-28,565.33,2024-01-28
101599,1215,2024-01-11,110.19,2024-01-12
101600,1167,2024-02-17,516.00,2024-03-03
101601,1132,2024-02-16,306.97,2024-02-26
101602,1273,2024-01-05,796.98,2024-01-05
101603,1116,2024-01-16,479.84,2024-01-31
101604,1216,2024-02-18,148.58,2024-02-18
101605,1353,2024-01-30,276.39,2024-02-01
101606,1246,2024-02-07,572.95,2024-02-17
101607,1192,2024-01-06,482.24,2024-01-06
101608,1003,2024-01-05,657.28,2024-01-14
101609,1005,2024-01-29,947.04,2024-02-17
101610,1336,2024-01-13,459.59,2024-01-20
101611,1267,2024-01-18,475.32,2024-01-18
101612,1393,2024-02-26,671.89,2024-02-26
101613,1280,2024-01-02,364.11,2024-01-13
101614,1133,2024-01-31,153.54,2024-02-07
101615,1232,2024-01-19,807.19,2024-01-27
101616,1072,2024-02-06,668.38,2024-02-06
101617,1100,2024-01-24,59.41,2024-01-30
101618,1107,2024-01-31,815.37,2024-01-31
101619,1071,2024-01-20,693.75,2024-01-30
101620,1267,2024-01-11,935.33,2024-01-17
101621,1085,2024-01-29,941.60,2024-02-16
101622,1285,2024-02-02,378.75,2024-02-16
101623,1212,2024-02-23,647.22,2024-03-06
101624,1272,2024-01-13,722.25,2024-01-13
101625,1251,2024-01-09,377.60,2024-01-26
101626,1128,2024-02-23,693.15,2024-02-23
101627,1170,2024-01-29,275.42,2024-01-29
101628,1072,2024-02-19,877.68,2024-03-08
101629,1087,2024-02-02,380.15,2024-02-07
101630,1021,2024-01-23,314.01,2024-02-11
101631,1016,2024-01-20,823.90,2024-01-20
101632,1325,2024-01-19,60.88,2024-01-29
101633,1339,2024-02-18,440.08,2024-02-24
101634,1056,2024-01-28,552.53,2024-01-28
101635,1170,2024-02-24,425.37,2024-03-11
101636,1007,2024-02-29,283.62,2024-03-03
101637,1231,2024-01-13,207.18,2024-01-20
101638,1142,2024-02-02,701.20,2024-02-03
101639,1318,2024-01-20,350.49,2024-01-20
101640,1200,2024-02-14,814.77,2024-02-18
101641,1193,2024-02-15,647.62,2024-02-15
101642,1125,2024-01-24,939.18,2024-01-29
101643,1193,2024-01-26,363.96,2024-02-09
101644,1235,2024-01-17,648.68,2024-01-23
101645,1385,2024-01-28,880.43,2024-02-01
101646,1069,2024-02-16,344.25,2024-02-16
101647,1038,2024-01-02,455.44,2024-01-04
101648,1258,2024-02-15,120.31,2024-02-15
101649,1055,2024-02-12,494.51,2024-02-23
101650,1369,2024-02-26,567.79,2024-02-26
101651,1058,2024-02-20,921.54,2024-02-20
101652,1298,2024-02-13,599.35,2024-02-26
101653,1082,2024-02-05,240.30,2024-02-09
101654,1265,2024-01-22,236.40,2024-02-07
101655,1250,2024-02-26,294.53,2024-03-03
101656,1026,2024-02-24,623.63,2024-02-24
101657,1314,2024-02-19,362.85,2024-02-22
101658,1242,2024-02-29,741.07,2024-03-14
101659,1394,2024-02-07,779.10,2024-02-07
101660,1372,2024-02-01,369.17,2024-02-01
101661,1089,2024-01-25,604.39,2024-02-09
101662,1264,2024-02-28,355.28,2024-03-01
101663,1103,2024-02-04,119.63,2024-02-08
101664,1371,2024-01-23,469.87,2024-02-09
101665,1247,2024-01-31,221.44,2024-02-19
101666,1108,2024-01-10,548.60,2024-01-29
101667,1115,2024-01-02,460.73,2024-01-02
101668,1300,2024-01-04,662.10,2024-01-08
101669,1186,2024-02-15,756.68,2024-02-21
101670,1165,2024-02-20,370.92,2024-03-05
101671,1145,2024-01-05,290.46,2024-01-10
101672,1065,2024-02-13,103.47,2024-02-16
101673,1077,2024-02-18,680.94,2024-03-07
101674,1303,2024-02-23,183.80,2024-02-23
101675,1347,2024-01-25,774.10,2024-01-25
101676,1216,2024-02-25,28.56,2024-03-14
101677,1288,2024-02-26,778.42,2024-03-14
101678,1277,2024-02-20,469.25,2024-02-20
101679,1118,2024-02-11,497.77,2024-03-01
101680,1339,2024-02-04,516.64,2024-02-04
101681,1255,2024-01-25,779.70,2024-01-29
101682,1002,2024-01-09,718.30,2024-01-16
101683,1164,2024-01-20,917.74,2024-01-24
101684,1092,2024-02-22,179.82,2024-03-13
101685,1031,2024-01-02,663.50,2024-01-02
101686,1309,2024-02-26,15.00,2024-03-12
101687,1185,2024-01-29,762.48,2024-02-02
101688,1286,2024-02-08,46.79,2024-02-08
101689,1017,2024-01-14,550.58,2024-01-20
101690,1233,2024-01-29,92.55,2024-01-29
101691,1232,2024-02-04,251.35,2024-02-06
101692,1200,2024-01-27,89.53,2024-01-31
101693,1212,2024-01-06,485.78,2024-01-18
101694,1082,2024-02-06,918.30,2024-02-12
101695,1347,2024-01-22,407.67,2024-01-23
101696,1210,2024-02-19,243.44,2024-02-21
101697,1381,2024-02-20,899.44,2024-02-20
101698,1046,2024-02-03,498.28,2024-02-13
101699,1178,2024-02-20,629.61,2024-02-20
101700,1102,2024-01-03,428.23,2024-01-22
101701,1312,2024-02-26,471.02,2024-03-08
101702,1040,2024-01-03,501.31,2024-01-03
101703,1352,2024-02-01,936.86,2024-02-13
101704,1385,2024-01-22,579.80,2024-02-08
101705,1147,2024-02-28,207.25,2024-03-01
101706,1258,2024-02-22,632.86,2024-02-24
101707,1242,2024-01-23,232.87,2024-01-30
101708,1263,2024-01-25,143.17,2024-01-25
101709,1202,2024-02-16,814.72,2024-02-23
101710,1129,2024-01-29,909.98,2024-02-18
101711,1174,2024-01-09,528.95,2024-01-09
101712,1192,2024-01-03,566.28,2024-01-12
101713,1227,2024-01-26,130.78,2024-02-15
101714,1034,2024-02-03,406.69,2024-02-03
101715,1254,2024-01-28,526.86,2024-02-06
101716,1374,2024-02-04,368.88,2024-02-10
101717,1141,2024-01-15,386.06,2024-01-15
101718,1386,2024-01-05,88.26,2024-01-14
101719,1282,2024-01-17,645.93,2024-01-17
101720,1392,2024-01-27,893.79,2024-02-01
101721,1380,2024-02-19,513.75,2024-02-22
101722,1116,2024-02-01,601.79,2024-02-10
101723,1247,2024-02-02,945.64,2024-02-09
101724,1073,2024-02-06,681.58,2024-02-25
101725,1356,2024-02-16,627.88,2024-02-16
101726,1067,2024-01-28,781.28,2024-01-28
101727,1250,2024-01-21,578.65,2024-02-04
101728,1324,2024-02-23,782.27,2024-02-23
101729,1196,2024-02-15,307.38,2024-02-29
101730,1208,2024-02-19,366.21,2024-03-10
101731,1295,2024-02-14,242.65,2024-02-23
101732,1263,2024-01-16,127.14,2024-01-20
101733,1256,2024-01-04,652.94,2024-01-04
101734,1336,2024-02-17,392.37,2024-02-17
101735,1311,2024-01-29,319.60,2024-02-01
101736,1053,2024-01-18,351.05,2024-01-29
101737,1378,2024-02-07,741.39,2024-02-12
101738,1091,2024-02-14,826.72,2024-02-22
101739,1152,2024-01-11,267.23,2024-01-15
101740,1348,2024-02-20,364.53,2024-02-28
101741,1134,2024-01-14,365.91,2024-01-18
101742,1060,2024-01-28,745.77,2024-02-01
101743,1372,2024-02-24,175.19,2024-03-05
101744,1301,2024-01-02,563.50,2024-01-18
101745,1092,2024-02-04,99.81,2024-02-16
101746,1068,2024-02-19,668.43,2024-02-29
101747,1037,2024-02-21,528.45,2024-03-12
101748,1266,2024-01-08,103.12,2024-01-08
101749,1187,2024-02-07,55.09,2024-02-18
101750,1095,2024-02-17,899.72,2024-03-01
101751,1245,2024-01-02,179.83,2024-01-02
101752,1387,2024-02-24,767.72,2024-03-13
101753,1357,2024-02-05,528.57,2024-02-05
101754,1300,2024-01-05,839.10,2024-01-18
101755,1015,2024-01-19,458.25,2024-01-19
101756,1061,2024-02-27,129.92,2024-02-27
101757,1154,2024-01-11,18.93,2024-01-28
101758,1351,2024-01-13,680.43,2024-01-18
101759,1267,2024-01-03,144.11,2024-01-03
101760,1338,2024-02-14,543.51,2024-02-23
101761,1234,2024-01-22,59.69,2024-02-03
101762,1076,2024-01-06,675.05,2024-01-14
101763,1019,2024-01-31,647.52,2024-01-31
101764,1010,2024-02-24,403.15,2024-02-24
101765,1128,2024-01-24,440.32,2024-01-24
101766,1247,2024-01-11,422.62,2024-01-11
101767,1068,2024-01-25,342.76,2024-01-25
101768,1042,2024-01-19,450.55,2024-01-29
101769,1018,2024-02-02,269.27,2024-02-16
101770,1387,2024-01-12,499.36,2024-01-12
101771,1355,2024-02-25,685.36,2024-02-25
101772,1053,2024-01-08,878.38,2024-01-16
101773,1017,2024-01-21,296.88,2024-01-24
101774,1280,2024-01-31,900.61,2024-02-14
101775,1174,2024-02-10,734.34,2024-02-10
101776,1303,2024-02-08,804.53,2024-02-08
101777,1307,2024-01-17,606.60,2024-01-20
101778,1148,2024-02-29,696.16,2024-03-02
101779,1001,2024-02-01,165.21,2024-02-03
101780,1022,2024-01-03,89.51,2024-01-13
101781,1302,2024-02-29,530.91,2024-03-08
101782,1295,2024-01-12,769.85,2024-01-13
101783,1062,2024-02-01,914.44,2024-02-15
101784,1115,2024-01-17,646.41,2024-01-17
101785,1191,2024-01-01,886.49,2024-01-06
101786,1328,2024-02-05,460.88,2024-02-22
101787,1175,2024-01-10,654.01,2024-01-28
101788,1184,2024-01-28,666.01,2024-01-28
101789,1272,2024-01-13,391.14,2024-02-02
101790,1114,2024-01-28,188.77,2024-01-29
101791,1230,2024-02-21,681.31,2024-03-10
101792,1309,2024-01-18,714.69,2024-01-18
101793,1262,2024-02-07,239.57,2024-02-24
101794,1320,2024-02-25,653.03,2024-02-27
101795,1095,2024-01-27,580.93,2024-01-27
101796,1064,2024-02-29,916.77,2024-03-11
101797,1022,2024-02-17,884.37,2024-03-05
101798,1355,2024-01-23,859.57,2024-01-23
101799,1318,2024-01-18,174.33,2024-01-30
101800,1275,2024-01-12,799.04,2024-01-29
101801,1045,2024-01-04,342.09,2024-01-06
101802,1374,2024-02-18,407.36,2024-03-02
101803,1109,2024-01-13,170.25,2024-01-17
101804,1118,2024-01-25,327.68,2024-02-02
101805,1213,2024-02-02,791.82,2024-02-06
101806,1218,2024-02-09,282.66,2024-02-25
101807,1086,2024-01-03,285.93,2024-01-10
101808,1363,2024-02-26,12.10,2024-03-10
101809,1151,2024-01-21,214.42,2024-01-31
101810,1109,2024-01-14,883.36,2024-01-14
101811,1277,2024-01-04,911.59,2024-01-04
101812,1176,2024-02-11,494.60,2024-02-13
101813,1398,2024-01-05,889.29,2024-01-05
101814,1315,2024-01-18,848.94,2024-02-03
101815,1350,2024-02-20,64.05,2024-02-20
101816,1262,2024-01-08,15.54,2024-01-23
101817,1248,2024-02-21,318.84,2024-03-04
101818,1007,2024-01-23,110.73,2024-02-04
101819,1030,2024-02-05,846.78,2024-02-11
101820,1319,2024-01-06,387.94,2024-01-06
101821,1206,2024-02-25,18.33,2024-03-10
101822,1161,2024-02-12,472.52,2024-02-15
101823,1344,2024-01-02,507.35,2024-01-02
101824,1072,2024-02-18,854.60,2024-03-03
101825,1059,2024-01-09,126.41,2024-01-25
101826,1350,2024-02-05,16.50,2024-02-05
101827,1158,2024-01-26,733.28,2024-02-04
101828,1351,2024-02-13,222.53,2024-02-13
101829,1269,2024-02-21,381.64,2024-03-02
101830,1259,2024-02-25,352.63,2024-03-02
101831,1392,2024-01-29,514.24,2024-02-07
101832,1150,2024-01-23,112.17,2024-02-07
101833,1128,2024-02-29,626.90,2024-02-29
101834,1335,2024-01-29,423.00,2024-02-03
101835,1028,2024-02-04,342.51,2024-02-18
101836,1244,2024-02-03,15.46,2024-02-03
101837,1274,2024-02-16,840.56,2024-02-23
101838,1348,2024-01-22,114.03,2024-02-01
101839,1146,2024-02-03,47.84,2024-02-16
101840,1282,2024-02-08,405.79,2024-02-19
101841,1173,2024-01-27,856.94,2024-02-02
101842,1319,2024-01-02,636.23,2024-01-18
101843,1369,2024-01-19,912.12,2024-01-28
101844,1324,2024-02-17,121.66,2024-03-04
101845,1213,2024-01-09,527.12,2024-01-14
101846,1171,2024-01-14,315.39,2024-01-14
101847,1021,2024-02-13,728.53,2024-02-26
101848,1341,2024-01-18,481.75,2024-01-18
101849,1247,2024-01-09,878.15,2024-01-22
101850,1010,2024-02-19,133.53,2024-02-19
101851,1054,2024-01-17,910.22,2024-01-18
101852,1111,2024-02-27,128.56,2024-03-10
101853,1131,2024-02-27,480.00,2024-03-06
101854,1311,2024-02-10,58.92,2024-02-10
101855,1205,2024-01-03,790.05,2024-01-17
101856,1131,2024-02-24,927.85,2024-02-25
101857,1196,2024-02-25,418.27,2024-03-06
101858,1211,2024-01-14,275.29,2024-01-17
101859,1049,2024-02-17,725.25,2024-02-25
101860,1342,2024-02-05,590.56,2024-02-22
101861,1336,2024-01-17,185.65,2024-01-17
101862,1164,2024-02-11,274.27,2024-02-11
101863,1096,2024-02-11,118.12,2024-02-20
101864,1335,2024-02-24,944.60,2024-03-03
101865,1004,2024-01-01,636.35,2024-01-15
101866,1062,2024-01-06,196.51,2024-01-06
101867,1170,2024-02-04,674.07,2024-02-08
101868,1242,2024-02-09,669.08,2024-02-26
101869,1024,2024-01-03,584.43,2024-01-03
101870,1257,2024-02-19,187.35,2024-02-19
101871,1048,2024-02-14,813.58,2024-02-19
101872,1242,2024-01-28,225.62,2024-01-28
101873,1377,2024-01-23,134.36,2024-01-25
101874,1343,2024-02-19,267.43,2024-02-26
101875,1194,2024-01-23,883.35,2024-01-23
101876,1131,2024-01-30,410.72,2024-02-19
101877,1288,2024-01-18,197.66,2024-01-20
101878,1023,2024-01-05,367.53,2024-01-05
101879,1330,2024-02-25,503.47,2024-03-04
101880,1184,2024-01-04,218.47,2024-01-18
101881,1365,2024-01-27,460.44,2024-01-27
101882,1262,2024-02-25,489.27,2024-02-25
101883,1360,2024-02-12,615.24,2024-02-22
101884,1179,2024-02-29,113.45,2024-03-06
101885,1046,2024-02-27,273.72,2024-02-27
101886,1268,2024-01-01,339.96,2024-01-15
101887,1384,2024-02-09,242.15,2024-02-09
101888,1170,2024-02-13,851.40,2024-02-19
101889,1397,2024-01-31,48.44,2024-02-02
101890,1340,2024-02-06,630.80,2024-02-06
101891,1149,2024-01-01,312.34,2024-01-01
101892,1344,2024-02-18,278.20,2024-02-27
101893,1064,2024-02-08,863.97,2024-02-08
101894,1025,2024-02-28,104.72,2024-03-02
101895,1274,2024-01-05,247.13,2024-01-21
101896,1046,2024-02-25,351.77,2024-03-06
101897,1332,2024-02-17,114.84,2024-02-18
101898,1163,2024-01-03,651.98,2024-01-08
101899,1147,2024-02-08,321.34,2024-02-20
101900,1015,2024-02-29,708.36,2024-02-29
101901,1315,2024-02-04,563.58,2024-02-04
101902,1006,2024-01-05,578.43,2024-01-13
101903,1244,2024-02-09,621.23,2024-02-16
101904,1323,2024-02-13,559.27,2024-02-16
101905,1113,2024-02-03,843.96,2024-02-08
101906,1191,2024-01-22,601.79,2024-01-22
101907,1152,2024-01-07,575.73,2024-01-07
101908,1124,2024-02-12,48.58,2024-02-19
101909,1180,2024-02-17,191.35,2024-03-03
101910,1003,2024-02-25,879.97,2024-02-28
101911,1344,2024-02-03,895.31,2024-02-23
101912,1266,2024-02-11,332.32,2024-02-27
101913,1297,2024-02-12,940.27,2024-02-19
101914,1070,2024-01-07,511.54,2024-01-12
101915,1003,2024-01-22,51.18,2024-01-22
101916,1067,2024-01-20,190.20,2024-02-07
101917,1222,2024-01-16,678.91,2024-01-16
101918,1052,2024-02-23,848.09,2024-03-12
101919,1161,2024-02-09,926.62,2024-02-21
101920,1311,2024-01-24,431.57,2024-01-28
101921,1253,2024-01-16,866.20,2024-01-16
101922,1188,2024-01-15,73.65,2024-01-29
101923,1311,2024-01-09,502.34,2024-01-26
101924,1112,2024-02-25,753.43,2024-02-25
101925,1147,2024-02-14,166.92,2024-02-23
101926,1187,2024-02-02,664.90,2024-02-07
101927,1139,2024-02-04,282.28,2024-02-23
101928,1149,2024-01-28,67.15,2024-02-04
101929,1116,2024-01-25,706.27,2024-02-07
101930,1338,2024-01-30,475.32,2024-01-30
101931,1358,2024-01-09,510.52,2024-01-26
101932,1372,2024-01-08,923.25,2024-01-14
101933,1083,2024-02-15,421.48,2024-02-15
101934,1095,2024-01-29,488.72,2024-02-16
101935,1124,2024-01-25,742.61,2024-01-25
101936,1315,2024-02-19,386.80,2024-02-28
101937,1320,2024-02-19,204.51,2024-02-20
101938,1020,2024-02-23,160.40,2024-02-23
101939,1185,2024-01-04,214.74,2024-01-04
101940,1104,2024-01-29,664.92,2024-01-29
101941,1234,2024-01-29,836.41,2024-02-15
101942,1249,2024-02-11,438.11,2024-02-11
101943,1260,2024-02-17,675.29,2024-02-17
101944,1041,2024-01-26,503.57,2024-02-05
101945,1057,2024-01-30,811.33,2024-01-30
101946,1292,2024-01-27,288.58,2024-01-27
101947,1357,2024-02-16,262.40,2024-02-20
101948,1183,2024-02-18,170.84,2024-02-20
101949,1282,2024-02-14,511.55,2024-02-14
101950,1113,2024-02-06,284.33,2024-02-11
101951,1005,2024-01-17,895.52,2024-01-17
101952,1340,2024-02-28,271.09,2024-02-28
101953,1093,2024-02-15,134.99,2024-02-17
101954,1268,2024-02-26,613.87,2024-02-26
101955,1257,2024-02-11,244.07,2024-02-18
101956,1055,2024-01-20,512.52,2024-01-21
101957,1198,2024-02-13,619.73,2024-02-13
101958,1243,2024-02-21,604.72,2024-02-21
101959,1296,2024-02-20,923.89,2024-02-20
101960,1355,2024-02-29,315.09,2024-03-12
101961,1212,2024-02-11,840.95,2024-02-20
101962,1120,2024-01-23,688.75,2024-02-06
101963,1308,2024-02-15,854.44,2024-02-25
101964,1123,2024-01-11,315.16,2024-01-13
101965,1335,2024-01-07,598.40,2024-01-07
101966,1376,2024-02-20,19.78,2024-02-20
101967,1203,2024-02-02,344.15,2024-02-11
101968,1339,2024-01-06,176.13,2024-01-07
101969,1098,2024-02-27,515.15,2024-02-27
101970,1170,2024-02-24,930.04,2024-03-14
101971,1312,2024-02-02,110.06,2024-02-15
101972,1259,2024-01-03,898.92,2024-01-12
101973,1100,2024-01-16,827.82,2024-01-16
101974,1117,2024-01-14,606.25,2024-02-01
101975,1284,2024-02-16,203.79,2024-03-02
101976,1036,2024-01-13,217.40,2024-01-22
101977,1228,2024-02-27,201.68,2024-03-11
101978,1390,2024-01-21,156.30,2024-01-29
101979,1332,2024-01-26,696.02,2024-02-09
101980,1053,2024-02-27,356.52,2024-03-14
101981,1274,2024-01-06,98.07,2024-01-12
101982,1357,2024-02-17,441.83,2024-02-23
101983,1209,2024-02-23,187.53,2024-03-10
101984,1276,2024-01-13,896.75,2024-01-19
101985,1293,2024-01-11,618.71,2024-01-12
101986,1010,2024-01-16,301.55,2024-01-16
101987,1362,2024-01-19,842.14,2024-02-01
101988,1020,2024-01-23,656.12,2024-01-23
101989,1118,2024-02-13,186.58,2024-02-18
101990,1308,2024-01-25,77.73,2024-02-02
101991,1307,2024-01-11,437.72,2024-01-24
101992,1265,2024-02-29,104.22,2024-03-09
101993,1052,2024-02-23,139.05,2024-02-24
101994,1001,2024-01-05,577.10,2024-01-05
101995,1299,2024-01-28,365.20,2024-01-29
101996,1130,2024-01-07,113.43,2024-01-08
101997,1184,2024-01-01,727.64,2024-01-03
101998,1033,2024-02-16,134.25,2024-02-19
101999,1115,2024-02-11,261.60,2024-02-11
102000,1339,2024-01-16,892.28,2024-01-16
